,address,label,entity_name,entity_type,source,predicted_label
0,0xaBEA9132b05A70803a4E85094fD0e1800777fBEF,bridge_contract,zkSync,blockchain-scaling,arkham,False
1,0xeae57ce9cc1984F202e15e038B964bb8bdF7229a,bridge_contract,Sollet,bridge,arkham,False
2,0xC564EE9f21Ed8A2d8E7e76c085740d5e4c5FaFbE,,Multichain,bridge,arkham,False
3,0x3ee18B2214AFF97000D974cf647E7C347E8fa585,bridge_contract,Wormhole,bridge,arkham,False
4,0x0681d8Db095565FE8A346fA0277bFfdE9C0eDBBF,IEMOA,Binance,cex,arkham,False
5,0x0D0707963952f2fBA59dD06f2b425ace40b492Fe,IEMOA,Gate.io,cex,arkham,False
6,0x19184aB45C40c2920B0E0e31413b9434ABD243eD,,CoinSpot,cex,arkham,False
7,0x1C4b70a3968436B9A0a9cf5205c787eb81Bb558c,IEMOA,Gate.io,cex,arkham,False
8,0x2FAF487A4414Fe77e2327F0bf4AE2a264a776AD2,IEMOA,FTX,cex,arkham,False
9,0x3C02290922a3618A4646E3BbCa65853eA45FE7C6,,Indodax,cex,arkham,False
10,0x3f5CE5FBFe3E9af3971dD833D26bA9b5C936f0bE,IEMOA,Binance,cex,arkham,False
11,0x564286362092D8e7936f0549571a803B203aAceD,IEMOA,Binance,cex,arkham,False
12,0x5f65f7b609678448494De4C87521CdF6cEf1e932,IEMOA,Gemini,cex,arkham,False
13,0x6262998Ced04146fA42253a5C0AF90CA02dfd2A3,IEMOA,Crypto.com,cex,arkham,False
14,0x6cC5F688a315f3dC28A7781717a9A798a59fDA7b,IEMOA,OKX,cex,arkham,False
15,0x708396f17127c42383E3b9014072679b2F60B82f,IEMOA,Binance,cex,arkham,False
16,0x7abE0cE388281d2aCF297Cb089caef3819b13448,,FTX US,cex,arkham,False
17,0x85b931A32a0725Be14285B66f1a22178c672d69B,IEMOA,Binance,cex,arkham,False
18,0x876EabF441B2EE5B5b0554Fd502a8E0600950cFa,IEMOA,Bitfinex,cex,arkham,False
19,0x916ED5586bB328E0eC1a428af060DC3D10919d84,,CoinSpot,cex,arkham,False
20,0x9CbADD5Ce7E14742F70414A6DcbD4e7bB8712719,IEMOA,Indodax,cex,arkham,False
21,0xa1D8d972560C2f8144AF871Db508F0B0B10a3fBf,,KuCoin,cex,arkham,False
22,0xA910f92ACdAf488fa6eF02174fb86208Ad7722ba,IEMOA,Poloniex,cex,arkham,False
23,0xb9ee1e551f538A464E8F8C41E9904498505B49b0,IEMOA,CoinEx,cex,arkham,False
24,0xBE0eB53F46cd790Cd13851d5EFf43D12404d33E8,IEMOA,Binance,cex,arkham,False
25,0xc97A4ed29F03FD549c4ae79086673523122d2Bc5,,ZB.com,cex,arkham,False
26,0xD551234Ae421e3BCBA99A0Da6d736074f22192FF,IEMOA,Binance,cex,arkham,False
27,0xD6216fC19DB775Df9774a6E33526131dA7D19a2c,,KuCoin,cex,arkham,False
28,0xE93381fB4c4F14bDa253907b18faD305D799241a,IEMOA,HTX,cex,arkham,False
29,0xeeD86B90448C371Eab47b7f16E294297C27E4F51,,CoinSpot,cex,arkham,False
30,0xF977814e90dA44bFA03b6295A0616a897441aceC,IEMOA,Binance,cex,arkham,False
31,0x06fEd18718975D9e178e0C0Fea35c18eac794c3f,,Bitpanda,cex,arkham,False
32,0x742d35Cc6634C0532925a3b844Bc454e4438f44e,IEMOA,Bitfinex,cex,arkham,False
33,0xA929022c9107643515F5c777cE9a910F0D1e490C,bridge_contract,HTX,cex,arkham,False
34,0xC7807e24338B41a34d849492920f2b9D0E4DE2CD,,HTX,cex,arkham,False
35,0xf35A6bD6E0459A4B53A27862c51A2A7292b383d1,,CoinSpot,cex,arkham,False
36,0xF9Ef3d2Bbeacdd439653096c18A199305f8beE19,,FalconX,cex,arkham,False
37,0x0211f3ceDbEf3143223D3ACF0e589747933e8527,IEMOA,MEXC,cex,arkham,False
38,0x75e89d5979E4f6Fba9F97c104c2F0AFB3F1dcB88,IEMOA,MEXC,cex,arkham,False
39,0x892e9e24AeA3f27f4C6E9360e312Cce93cc98Ebe,,Binance 30,cex,etherscan,False
40,0x95B564F3B3BaE3f206aa418667bA000AFAFAcc8a,,Bitvavo,cex,arkham,False
41,0xf3330332f5224065D4da8b7019A726A1bF517f56,,Bithumb,cex,arkham,False
42,0x167A9333BF582556f35Bd4d16A7E80E191aa6476,IEMOA,Coinone,cex,arkham,False
43,0x34ea4138580435B5A521E460035edb19Df1938c1,,Binance US,cex,arkham,False
44,0x3a9E6cF4E3157670A3b991C25d6F4fcbD9419C03,,ZB.com,cex,arkham,False
45,0x46340b20830761efd32832A74d7169B29FEB9758,IEMOA,Crypto.com,cex,arkham,False
46,0x47ac0Fb4F2D84898e4D9E7b4DaB3C24507a6D503,,Binance,cex,arkham,False
47,0xB9C764114C5619a95d7f232594e3B8dDDF95b9CF,,Bitkub,cex,arkham,False
48,0xd6a062CAE6123C158768A5C444CA0896CC60D6B1,,Coinjar,cex,arkham,False
49,0xf60c2Ea62EDBfE808163751DD0d8693DCb30019c,,Binance US,cex,arkham,False
50,0xFBb1b73C4f0BDa4f67dcA266ce6Ef42f520fBB98,IEMOA,Bittrex,cex,arkham,False
51,0x1522900B6daFac587d499a862861C0869Be6E428,IEMOA,Bitstamp,cex,arkham,False
52,0x187E3534f461d7C59a7d6899a983A5305b48f93F,,CoinEx,cex,arkham,False
53,0x1C17622cfa9B6fD2043A76DfC39A5B5a109aa708,,BtcTurk,cex,arkham,False
54,0x2Af17A3Fc90dE53481D8DF0C4f652F240ba0AF03,,Crypto Finance Group,cex,arkham,True
55,0x6254B927ecC25DDd233aAECD5296D746B1C006B4,,Bitkub,cex,arkham,False
56,0x72A53cDBBcc1b9efa39c834A540550e23463AAcB,IEMOA,Crypto.com,cex,arkham,False
57,0x79169E7818968cD0C6DBd8929f24d797CC1Af9A1,IEMOA,Bitkub,cex,arkham,False
58,0xb8bA36E591FAceE901FfD3d5D82dF491551AD7eF,,Mercado Bitcoin,cex,arkham,False
59,0xddfAbCdc4D8FfC6d5beaf154f18B778f892A0740,IEMOA,Coinbase,cex,arkham,False
60,0x21a31Ee1afC51d94C2eFcCAa2092aD1028285549,IEMOA,Binance,cex,arkham,False
61,0x28C6c06298d514Db089934071355E5743bf21d60,IEMOA,Binance,cex,arkham,False
62,0x326D9f47BA49BBAac279172634827483af70a601,IEMOA,Bitkub,cex,arkham,False
63,0x38B78904a6B44F63eB81D98937fc6614870cFbB9,,ZB.com,cex,arkham,False
64,0x772396dD44Ce3d347838bFEC437CB32F534963F2,IEMOA,Bitstamp,cex,arkham,False
65,0x8CF23cd535a240eb0aB8667D24EEDBD9ecCd5cba,,eToro,cex,arkham,True
66,0xb1bdaeBE11F255a1797Ee191fccB2F69F1923Dd0,,Korbit,cex,arkham,False
67,0xDFd5293D8e347dFe59E90eFd55b2956a1343963d,,Binance,cex,arkham,False
68,0xc9f5296Eb3ac266c94568D790b6e91ebA7D76a11,,CEX.IO,cex,arkham,False
69,0xD7efCbB86eFdD9E8dE014dafA5944AaE36E817e4,,Okcoin,cex,arkham,False
70,0xF2d4766Ad705e3A5C9ba5b0436b473085F82f82f,IEMOA,Coinhako,cex,arkham,False
71,0x8D6F396D210d385033b348bCae9e4f9Ea4e045bD,IEMOA,Gemini,cex,arkham,False
72,0x9AA65464b4cFbe3Dc2BDB3dF412AeE2B3De86687,,Blockchain.com,cex,arkham,False
73,0x11B0389A7B1545Ef15c8E7395128301e81952BC3,,Crypto Finance Group,cex,arkham,True
74,0x1bdaC750132EB91E569f6fD2582d2D67F6f1ea0c,EMOA,Zipmex,cex,arkham,False
75,0x593aebEE9117EEA447279E5973F64C68D8e977a0,,Bitstamp,cex,arkham,False
76,0x6ef135a477d7c614BDfD8670614c36215Ab3C692,,OKX,cex,arkham,True
77,0x91Dca37856240E5e1906222ec79278b16420Dc92,,Indodax,cex,arkham,False
78,0x941b4FdB4b1533Ab2Cc8b90fF0700F658B4Aa642,,Wealthsimple,cex,arkham,True
79,0x9acbB72Cf67103A30333A32CD203459c6a9c3311,,Paribu,cex,arkham,False
80,0xb15Bfc3c04a726dC6dF1Bd8d658E1A1e43A9Af33,IEMOA,Bitkub,cex,arkham,False
81,0xbb0424ed909293701e95cCa03CBF1274918D7C09,,eToro,cex,arkham,True
82,0xc1bF8F2AcC5D5824974CE4C90A8438421150f753,IEMOA,Gemini,cex,arkham,True
83,0xee5B5B923fFcE93A870B3104b7CA09c3db80047A,,Bybit,cex,arkham,False
84,0xCD531Ae9EFCCE479654c4926dec5F6209531Ca7b,,Coinbase Prime,cex,arkham,False
85,0xF5F3436A05B5CEd2490DAE07B86EB5BbD02782aA,,Bybit,cex,arkham,False
86,0x1579B5f6582C7a04f5fFEec683C13008C4b0A520,,Bitkub,cex,arkham,False
87,0x3F08f17973aB4124C73200135e2B675aB2D263D9,,eToro,cex,arkham,True
88,0x7758E507850dA48cd47df1fB5F875c23E3340c50,IEMOA,Crypto.com,cex,arkham,False
89,0x1157A2076b9bB22a85CC2C162f20fAB3898F4101,,FalconX,cex,arkham,False
90,0x2eE555C9006A9DC4674f01E0d4Dfc58e013708f0,,BtcTurk,cex,arkham,False
91,0x33Ddd548FE3a082d753E5fE721a26E1Ab43e3598,,CoinEx,cex,arkham,False
92,0x59E0cDA5922eFbA00a57794faF09BF6252d64126,,Bitkub,cex,arkham,False
93,0x5D7F34372FA8708E09689D400A613EeE67F75543,,Binance,cex,etherscan,False
94,0x6EDF968DA408a9640b8865826429a977a11C5048,,Zonda (BitBay),cex,arkham,False
95,0x738cF6903E6c4e699D1C2dd9AB8b67fcDb3121eA,IEMOA,KuCoin,cex,arkham,False
96,0xb8D2B921c0eA0cA27266FA63907A079EF25084D0,EMOA,Bitso,cex,arkham,False
97,0xD1669Ac6044269b59Fa12c5822439F609Ca54F41,IEMOA,CoinList,cex,arkham,True
98,0xf16E9B0D03470827A95CDfd0Cb8a8A3b46969B91,,KuCoin,cex,arkham,False
99,0xfD9785b1148C6550e065A189d702560C67950D54,,Korbit,cex,arkham,False
100,0x294B9B133cA7Bc8ED2CdD03bA661a4C6d3a834D9,,CoinDCX,cex,arkham,True
101,0x3D5202A0564De9B05eCd07C955BcCA964585ea03,,Bybit,cex,arkham,False
102,0x4230C402c08cB66DCf3820649A115e54661FCe9D,,Bybit,cex,arkham,False
103,0xBaeD383EDE0e5d9d72430661f3285DAa77E9439F,,Bybit,cex,arkham,False
104,0xf89d7b9c864f589bbF53a82105107622B35EaA40,,Bybit,cex,arkham,False
105,0x260Ee8F2B0C167e0cd6119b2DF923FD061dc1093,,YouHodler,cex,arkham,False
106,0x29D5527CaA78f1946a409FA6aCaf14A0a4A0274b,,Bitso,cex,arkham,False
107,0x3CC936b795A188F0e246cBB2D74C5Bd190aeCF18,,MEXC,cex,arkham,False
108,0x404460039499c774c48248552F802CE5dd482e32,,Netcoins,cex,arkham,False
109,0x8F509A90c2e47779cA408Fe00d7A72e359229AdA,,eToro,cex,arkham,True
110,0xA01AA2196724a39290f465b3925E5dCaFe7F2256,,Bitso,cex,arkham,False
111,0xA12431D0B9dB640034b0CDFcEEF9CCe161e62be4,IEMOA,HitBTC,cex,arkham,False
112,0xCFFAd3200574698b78f32232aa9D63eABD290703,IEMOA,Crypto.com,cex,arkham,False
113,0xDc1487E092CaBA080C6BADafAa75a58Ce7a2EC34,,eToro,cex,arkham,True
114,0x4a87135693A5b7dd0653C151c16EDFA3c524403F,,Zipmex,cex,arkham,False
115,0x5a52E96BAcdaBb82fd05763E25335261B270Efcb,,Binance,cex,arkham,False
116,0x0349923aE2B35FF4f0099869aeea99d1f3FD12a9,,Copper,custodian,arkham,False
117,0xB8001C3eC9AA1985f6c747E25c28324E4A361ec1,,Cobo.com,custodian,arkham,False
118,0x0e5C1813587088378787E7DD6C9cb4Cb01a0Ea18,,Balancer,dex,arkham,False
119,0x49ff149D649769033d43783E7456F626862CD160,,Balancer,dex,arkham,False
120,0xc1C70266eF3dC680E55c5a1c451f664446A9849D,,Balancer,dex,arkham,False
121,0xEeb82Fa092e3CEcB1ba99F8342775B70Efb40cF8,,Balancer,dex,arkham,False
122,0x8cA24021E3Ee3B5c241BBfcee0712554D7Dc38a1,EMOA,Synthetix,dex,arkham,False
123,0xF5BCE5077908a1b7370B9ae04AdC565EBd643966,,SushiSwap,dex,arkham,False
124,0xBA12222222228d8Ba445958a75a0704d566BF2C8,lp_amm,Balancer,dex,arkham,False
125,0x9af9c7016E9a759B1A1c9D31FfCE04b31a5456bF,,Balancer,dex,arkham,False
126,0x19B3Eb3Af5D93b77a5619b047De0EED7115A19e7,PCV,SushiSwap,dex,arkham,False
127,0xE68c1d72340aEeFe5Be76eDa63AE2f4bc7514110,,DeFiPlaza,dex,arkham,False
128,0x00000063f648C943346d2a239F0969bAd32Ff184,,Wintermute,fund,arkham,True
129,0x0548F59fEE79f8832C299e01dCA5c76F034F558e,,Genesis Trading,fund,arkham,False
130,0x0F4ee9631f4be0a63756515141281A3E2B293Bbe,,Alameda Research,fund,arkham,False
131,0x33566c9D8BE6Cf0B23795E0d380E112Be9d75836,,Galaxy Digital,fund,arkham,False
132,0x3744DA57184575064838BBc87A0FC791F5E39eA2,,Blockchain Capital,fund,arkham,False
133,0x527788Ae179be743614496680d38B39D87Ee1ce8,,QCP Capital,fund,arkham,False
134,0x56178a0d5F301bAf6CF3e1Cd53d9863437345Bf9,,Symbolic Capital Partners,fund,arkham,False
135,0x5E94Cd917A93b86549fEdebC4b70BD14c1bda68E,,ParaFi Capital,fund,arkham,True
136,0x6C85006eAe121CF2444f0852CAB9914607915DF2,,Genesis Trading,fund,arkham,False
137,0xAeA97b739dcd6f5b586586CB7a538d60bA96a757,IEMOA,Arrington XRP Capital,fund,arkham,False
138,0xB3f923eaBAF178fC1BD8E13902FC5C61D3DdEF5B,,Wintermute,fund,arkham,False
139,0xd628f7c481c7Dd87F674870BEc5D7A311Fb1D9A2,,Genesis Trading,fund,arkham,False
140,0xD8fF522485C6CFe2Cd7c0b7a4197762C4a581FBE,,Maven 11,fund,arkham,True
141,0x0000006daea1723962647b7e189d311d757Fb793,IEMOA,Wintermute,fund,arkham,False
142,0x58f5F0684C381fCFC203D77B2BbA468eBb29B098,,BlockTower Capital,fund,arkham,False
143,0x69c63cf7A2dCb5648082621444ae1F08Ff35fb9F,,Longling Capital,fund,arkham,True
144,0x32d4703e5834F1b474B17DFdB0aC32Cc22575145,,Wintermute,fund,arkham,False
145,0x404De972e8138C4982ace8Bdd7fc0E755DE33AFd,,Bitwise,fund,arkham,False
146,0x4ADF44961a7CBe8EE46B2bf04E7198e879677825,,Galaxy Digital,fund,arkham,False
147,0x94E509b0F855297C0b99ab61bff027E0aD114121,,Alameda Research,fund,arkham,False
148,0xD0C861D10704dB3966ACd7961295915a92e9C8E5,,Sky9 Capital,fund,arkham,True
149,0x2C44e0827B6b50F369A7b51970D82cEaD0754B45,,DeFiance Capital,fund,arkham,False
150,0x4c8CFE078a5B989CeA4B330197246ceD82764c63,,Alameda Research,fund,arkham,False
151,0x5b990C664aE7E759763ACfEC76E11c289c53Be77,,Amber Group,fund,arkham,False
152,0x9B5ea8C719e29A5bd0959FaF79C9E5c8206d0499,,DeFiance Capital,fund,arkham,False
153,0xD0791bB1E59eD26d49f7dF67Ca62122149B27Cbd,,Amber Group,fund,arkham,True
154,0xf584F8728B874a6a5c7A8d4d387C9aae9172D621,,Jump Crypto,fund,arkham,False
155,0xFa453aec042a837e4AEBbADAB9d4E25B15FAd69D,IEMOA,Alameda Research,fund,arkham,False
156,0x574F6fc6ed5b050dDC3965839FE4C774A9a33D28,,Polychain Capital,fund,arkham,False
157,0x80845058350B8c3Df5c3015d8a717D64B3bF9267,,DTC Capital,fund,arkham,True
158,0xD9B012a168Fb6C1B71c24db8CEe1A256b3CAA2A2,,ParaFi Capital,fund,arkham,False
159,0xE11970f2F3dE9d637Fb786f2d869F8FeA44195AC,,Amber Group,fund,arkham,False
160,0x03aE1A796DFE0400439211133D065BDA774B9D3e,,Wintermute,fund,arkham,False
161,0x3A61da6D37493E2f248A6832F49b52Af0a6f4Fbb,IEMOA,Cumberland DRW,fund,arkham,False
162,0x967159C42568A54D11a4761fC86a6089eD42B7ba,,Blockchain Capital,fund,arkham,False
163,0x270f4bff1CFC284191d349255099553a13167Ce0,,Maven 11,fund,arkham,False
164,0x94B27b52E0A188c3d5C4BE7E39D04094Cbf1a5BF,,Amber Group,fund,arkham,False
165,0x1d22397EdfC4edf622d692050635bfc1FEBf1404,,Jump Crypto,fund,arkham,False
166,0x46EEA8D5b37D2Db51f35c1bC8C50CBf80fb0fFE5,,Nima Capital,fund,arkham,False
167,0xB78e90E2eC737a2C0A24d68a0e54B410FFF3bD6B,IEMOA,Alameda Research,fund,arkham,False
168,0x3229149012a035eF51D724e0343Eb31Ce3e4Bb7D,,Symbolic Capital Partners,fund,arkham,False
169,0x345D8e3A1F62eE6B1D483890976fD66168e390F2,,Auros Global,fund,arkham,False
170,0x4B502A08bc54C05772B2c63469E366C2E78459ed,,decentro.vc,fund,arkham,False
171,0xE73f074e4dfB3f58E92918149E4BEBd04975e6fC,,DeFiance Capital,fund,arkham,True
172,0x31c039383d787457b75D185D820D4A37aB80DAD2,,Maven 11,fund,arkham,False
173,0x6455327F820eDD69c4Cd665b995E0fEC679d7F9E,,Wintermute,fund,arkham,False
174,0x6d21266DfcF5541BEE9F67c4837AAa72b3BF9303,,Genesis Trading,fund,arkham,False
175,0x4B581dedA2f2C0650C3dFC506C86a8C140d9f699,,Sigil Fund,fund,arkham,False
176,0x53c286E0AbE87c9e6d4d95ebE62ceaFa4aFCE849,,Polychain Capital,fund,arkham,False
177,0x00514112B64626360445D45dae83327c989FacE2,,Fenbushi Capital,fund,arkham,False
178,0x342689708EB93e684404Fb60123795C42259F753,,Amber Group,fund,arkham,True
179,0x84D34f4f83a87596Cd3FB6887cFf8F17Bf5A7B83,,Alameda Research,fund,arkham,False
180,0xad6eaa735D9dF3D7696fd03984379dAE02eD8862,,Cumberland DRW,fund,arkham,False
181,0xDBF5E9c5206d0dB70a90108bf936DA60221dC080,,Wintermute,fund,arkham,False
182,0x15abb66bA754F05cBC0165A64A11cDed1543dE48,,Galaxy Digital,fund,arkham,False
183,0x945BCF562085De2D5875b9E2012ed5Fd5cfaB927,,Tokka Labs,fund,arkham,False
184,0x9898ac41727242c0EA5192749b281149B6D16899,,Cumberland DRW,fund,arkham,True
185,0xcc261Ab4bE137EACf57C19ed97c186b4d88004Ca,,Jump Crypto,fund,arkham,False
186,0xE2e4F2A725E42D0F0EF6291F46c430F963482001,,Sigil Fund,fund,arkham,False
187,0xFaCf46Ea1E0aD2681103E726F64CFC503E9dA5D6,,Maven 11,fund,arkham,False
188,0x4f3a120E72C76c22ae802D129F599BFDbc31cb81,IEMOA,Wintermute,fund,arkham,False
189,0x8BEe7340304a051B16ceCee05fB8c999Db3b65eD,,Auros Global,fund,arkham,True
190,0x1149E9143C407F3Be1df24C463E48963c6dE1715,,Symbolic Capital Partners,fund,arkham,False
191,0x6C5e1DF7351356D60B7bA512817B9958949131ac,,Wintermute,fund,arkham,False
192,0x28a55C4b4f9615FDE3CDAdDf6cc01FcF2E38A6b0,,7 Siblings,fund,arkham,False
193,0x68fd0a0518b3120d844c5fB8a6f6dEFA4CaD42c5,,Spartan Group,fund,arkham,False
194,0xACA096d2E6492D7380c5d8E70D90E13EEcC72dd4,,DV Chain,fund,arkham,False
195,0xACC6Ab2C0699Ea05bCb780dEa74D5E17B289F854,,Pantera Capital,fund,arkham,True
196,0x00000000AE347930bD1E7B0F35588b92280f9e75,,Wintermute,fund,arkham,False
197,0x3507e4978e0Eb83315D20dF86CA0b976c0E40CcB,,Alameda Research,fund,arkham,False
198,0xcA436e14855323927d6e6264470DeD36455fC8bD,,Alameda Research,fund,arkham,True
199,0xfa6de2697D59E88Ed7Fc4dFE5A33daC43565ea41,other_contracts,Indexed Finance,fund-decentralized,arkham,False
200,0x17aC188e09A7890a1844E5E65471fE8b0CcFadF3,,Indexed Finance,fund-decentralized,arkham,False
201,0x126c121f99e1E211dF2e5f8De2d96Fa36647c855,,Indexed Finance,fund-decentralized,arkham,False
202,0xBA5Ed1488bE60BA2FACC6B66C6D6F0beFba22eBe,,Indexed Finance Exploiter,hacker,arkham,False
203,0x84E66f86C28502C0fC8613e1D9CbBEd806F7Adb4,,Indexed Finance Exploiter,hacker,arkham,False
204,0x09D4083fFD20D21ACb9118465aD7C52Ac8B548f7,,@Cygninae,individual,arkham,False
205,0xdB2B36C24064a0115fa0474fDE4D9BA1F1099122,,@moryupic,individual,arkham,True
206,0x3DbA737ccC50a32a1764b493285dd51C8Af6c278,,Konstantin Lomashuk,individual,arkham,True
207,0x1672b17b0F67a17488C300253fa6b68C86f1B367,,Tony Sun (Range Protocol),individual,arkham,True
208,0x4568b24aF273FCd5B0F1730D97C7dC359e0244F8,,@defi_brian,individual,arkham,True
209,0x5A27DBBfF05F36DC927137855E3381f0c20C1CDd,,@venky1154,individual,arkham,True
210,0xb0161d9457f9E4EBEE1BF700dAA0001126158c68,,@friendtechetf,individual,arkham,True
211,0x3DdfA8eC3052539b6C9549F12cEA2C295cfF5296,,Justin Sun,individual,arkham,False
212,0xC8aFB3E389C2693E588bb716d37Cf1B53179506F,,Torben Jorgensen (UDHC),individual,arkham,False
213,0x04FD71a7c80dee02cec42cA7C6941D0940CBf55f,,@next30years,individual,arkham,False
214,0xF5Fb27b912D987B5b6e02A1B1BE0C1F0740E2c6f,,Stani Kulechov,individual,arkham,False
215,0x4a7C6899cdcB379e284fBFD045462e751DA4C7cE,,Alex Svanevik,individual,arkham,False
216,0x94dFcE828c3DAaF6492f1B6F66f9a1825254D24B,,Charlie Watkins (Curve.fi),individual,arkham,True
217,0x39D787fdf7384597C7208644dBb6FDa1CcA4eBdf,,Stefan George (Gnosis),individual,arkham,False
218,0x7338afb07db145220849B04A45243956f20B14d9,,@finidude,individual,arkham,False
219,0x3217b819EA2d25f1982BaE5dD9C8Fe4C6D546bfC,EMOA,banteg,individual,arkham,True
220,0x06601571AA9D3E8f5f7CDd5b993192618964bAB5,,Konstantin Lomashuk,individual,arkham,True
221,0x854F1269b659A727a2268AB86FF77CFB30BfB358,,@0x_kiro,individual,arkham,True
222,0x500A746c9a44f68Fe6AA86a92e7B3AF4F322Ae66,,Voyager,lending-centralized,arkham,False
223,0xE32d0090dA539cA9Ab2d1d3fB53B8b91c93DDA12,,Celsius Network,lending-centralized,arkham,False
224,0x203520F4ec42Ea39b03F62B20e20Cf17DB5fdfA7,,Voyager,lending-centralized,arkham,False
225,0x9B9aA2985B37cBBD5858DC3Fe07f45fCe6b477fB,,CoinLoan,lending-centralized,arkham,False
226,0x3dfd23A6c5E8BbcFc9581d2E864a68feb6a076d3,lending_borrowing_contract,Aave,lending-decentralized,arkham,False
227,0x4a49985B14bD0ce42c25eFde5d8c379a48AB02F3,vesting_contract,Aave,lending-decentralized,arkham,False
228,0xb1cFF81b9305166ff1EFc49A129ad2AfCd7BCf19,EMOA,Unit Protocol,lending-decentralized,arkham,False
229,0x55Bc991b2edF3DDb4c520B222bE4F378418ff0fA,,Lido,liquid-staking,arkham,False
230,0x4d246bE90C2f36730bb853aD41d0a189061192d3,,MEV Bot: 0x4d2...2d3,mev-bot,etherscan,False
231,0x51399B32CD0186bB32230e24167489f3B2F47870,,MEV Bot: 0x513...870,mev-bot,etherscan,False
232,0x8aFF5cA996F77487a4f04F1ce905Bf3d27455580,,MEV Bot: 0x8aF...580,mev-bot,etherscan,False
233,0xD911560979B78821D7b045C79E36E9CbfC2F6C6F,,MEV Bot: 0xD91...C6F,mev-bot,etherscan,False
234,0x000000000dFDe7deaF24138722987c9a6991e2D4,,MEV Bot: 0x000...2D4,mev-bot,etherscan,False
235,0x1494CA1F11D487c2bBe4543E90080AeBa4BA3C2b,other_contracts,Set Protocol,misc,arkham,False
236,0xf4B00C937b4ec4Bb5AC051c3c719036c668a31EC,bridge_contract,Secret Network,misc,arkham,False
237,0x0De845955E2bF089012F682fE9bC81dD5f11B372,other_contracts,Big Data Protocol,misc,arkham,False
238,0x5d22045DAcEAB03B158031eCB7D9d06Fad24609b,,RhinoFi,misc,arkham,False
239,0x8A1ba492c2A0B5aF4c910A70D53BF8bb76C9A4c0,external_staking_contracts,Launchpool,misc,arkham,False
240,0xEB4BD5231274aA4C2B97a4fA06bAD9eCFCdad5E0,,Spaghetti.money,misc,arkham,True
241,0xfDC4a3FC36df16a78edCAf1B837d3ACAaeDB2CB4,,SCI Finance,misc,arkham,False
242,0xe05A884D4653289916D54Ce6aE0967707c519879,,Arca,real-world-assets,arkham,False
243,0xdAC7Bb7Ce4fF441A235F08408e632FA1D799A147,PCV,Avalanche,smart-contract-platform,arkham,False
244,0x40ec5B33f54e0E8A33A975908C5BA1c14e5BbbDf,bridge_contract,Polygon,smart-contract-platform,arkham,False
245,0x42A5Ed456650a09Dc10EBc6361A7480fDd61f27B,,THORChain,smart-contract-platform,arkham,False
246,0x2dCCDB493827E15a5dC8f8b72147E6c4A5620857,bridge_contract,Harmony,smart-contract-platform,arkham,False
247,0xC145990E84155416144C532E31f89B840Ca8c2cE,,THORChain,smart-contract-platform,arkham,False
248,0x18f773c288D9a5913f58D61f962DcE630F4D3BE6,,THORChain,smart-contract-platform,arkham,False
249,0xE78388b4CE79068e89Bf8aA7f218eF6b9AB0e9d0,,Avalanche,smart-contract-platform,arkham,False
250,0xa3A7B6F88361F48403514059F1F16C8E78d60EeC,bridge_contract,Arbitrum,smart-contract-platform,arkham,False
251,0x3624525075b88B24ecc29CE226b0CEc1fFcB6976,lp_amm,THORChain,smart-contract-platform,arkham,False
252,0xe61dd9cA7364225aFBFB79e15AD33864424e6aE4,,KCC,smart-contract-platform,arkham,False
253,0x99C9fc46f92E8a1c0deC1b1747d010903E884bE1,other_contracts,Optimism,smart-contract-platform,arkham,False
254,0x49ee75278820f409ecd67063D8D717B38d66bd71,,Frax Finance,stablecoin,arkham,False
255,0x5ae217dE26f6Ff5F481C6e10ec48b2cf2fc857C8,,Fei Protocol,stablecoin,arkham,False
256,0x6724F3FBb16F542401BfC42C464CE91b6C31001E,,balancer-vested-shareholders,vesting_contract,arkham,False
257,0x033E52f513F9B98e129381c6708F9faA2DEE5db5,,Yearn.Finance,yield,arkham,False
258,0x26607aC599266b21d13c7aCF7942c7701a8b699c,other_contracts,PowerPool,yield,arkham,False
259,0xb4bebD34f6DaaFd808f73De0d10235a92Fbb6c3D,other_contracts,PowerPool,yield,arkham,False
260,0xFA2562da1Bba7B954f26C74725dF51fb62646313,other_contracts,PowerPool,yield,arkham,False
261,0xCF50b810E57Ac33B91dCF525C6ddd9881B139332,PCV,Convex Finance,yield,arkham,False
262,0xe98ae8cD25CDC06562c29231Db339d17D02Fd486,external_staking_contracts,Fiat DAO,yield,arkham,False
263,0x086C98855dF3C78C6b481b6e1D47BeF42E9aC36B,PCV,Dinero (Prev. Redacted Cartel),yield,arkham,False
264,0x5958A8DB7dfE0CC49382209069b00F54e17929C2,,Convex Finance,yield,arkham,False
265,0xA52Fd396891E7A74b641a2Cb1A6999Fcf56B077e,,Dinero (Prev. Redacted Cartel),yield,arkham,False
266,0x355D72Fb52AD4591B2066E43e89A7A38CF5cb341,,Wonderland,yield,arkham,False
267,0x378Ba9B73309bE80BF4C2c027aAD799766a7ED5A,other_contracts,Votium,yield,arkham,False
268,0x0D5Dc686d0a2ABBfDaFDFb4D0533E886517d4E83,,Keep3r Network,yield,arkham,False
269,0x090f6da300300fBc0F06a8CeC9996525b4B4d308,,,EOA,,False
270,0x1512C7c4a4266dC9a56B1f21C8Cb19e13410e684,,,EOA,,False
271,0x1671a3e4A2519A653E66E827ef6eaE690ee86729,,,EOA,,False
272,0x2AAEd0D1bf9714DEf1CBFEC07289f6E69A18ba36,,,EOA,,False
273,0x2d8E85b308d9Cbe0cdD2A9AF8A07BE39DdA22b25,,,unknown_smart_contract,,False
274,0x3C36083e8E582f8eCc111EddaA51E39d25DbC78A,,,EOA,,False
275,0x443d338b05723868C3E3842096EB5F405cDb72C7,,,EOA,,False
276,0x5Bea34D58CA3D25C2Da5E2AeC7A49629C378B440,,,EOA,,False
277,0x5d5d08393e5bC93078F83a6a0B9077b474B9bAD4,,,EOA,,False
278,0x6555e1CC97d3cbA6eAddebBCD7Ca51d75771e0B8,,beacon-depositor; maker-vault-owner,EOA,etherscan,False
279,0x6bB8Bc41E668B7c8eF3850486C9455B5C86830b3,,maker-vault-owner; sybil-delegate,EOA,etherscan,False
280,0x6Fe973c9E9afC8BA578C6154873eac9B5eBA4d99,,,EOA,,False
281,0x7cd7A5a66d3cd2F13559d7F8a052Fa6014e07d35,,,EOA,,False
282,0x7DB3CA5AD4C8f648D21Fa7d682D3C6CA9d4F5dd7,,,EOA,,False
283,0x800190AD9241CC7f6BaC760B2539c66F8d02C45C,IEMOA,,unknown_smart_contract,,False
284,0x91963a58dAc80b0D4Bd0e2760E8f534172840033,,,EOA,,False
285,0x924CD9b60F4173DCDd5254ddD38C4F9CAB68FE6b,,,EOA,,False
286,0x9D50a80609AAE214b8d6c34FbbD010A9D4769A76,,,EOA,,False
287,0xa1B9ae88E04429E1c2A41eaE264aEc5d88914810,,,EOA,,False
288,0xB4E5A383F863E968EC435FBb117CE1250c6e48C7,,,EOA,,False
289,0xB71CD2a879c8D887eA8d75155ff51116178641C0,,,EOA,,False
290,0xb941F9b7566E7108332a9eC187D222A1Cc05e422,,,EOA,,False
291,0xbA304E6d2bBb7Bc84a247693E34Be1bed2e2cCc2,,,EOA,,False
292,0xc0AA8046f860996B7B6d366b6d71391e70C74376,,,EOA,,False
293,0xc191637E72c59C2060E73E89b6e26e64204d8105,,,unknown_smart_contract,,False
294,0xC1fCEc8E69B38BF8D5bA5bfd807c02ea80FdD2E3,,,EOA,,False
295,0xc6184dac486CcfE03556ff142a6e92261cf178B4,,,EOA,,False
296,0xcCa71809E8870AFEB72c4720d0fe50d5C3230e05,,beacon-depositor,EOA,,False
297,0xcd262b16421Ac23D13D345E4e08875374d5235bF,,,EOA,,False
298,0xD17D4e3B6580C9869b090A295ee21Fe2A23b80E4,,,EOA,,False
299,0xd3ad024299EBDA25a2731E5D2c56Ee8667E66838,,,EOA,,False
300,0xECB6a3E0E99700b32bb03BA14727d99FE8E538cf,,,EOA,,False
301,0xfAa65E44073e00E9Fa49249680cA97F4E84Ae9E5,,,EOA,,False
302,0x0945260089850bc72432072501c6f545F6b64Cec,,maker-vault-owner,EOA,,False
303,0x13C9D9b81513fe8eF119408F916B74118478Cb03,,,EOA,,False
304,0x4444A8552E9646C58a1f23D52170B666862050C0,,,EOA,,False
305,0x8CAE08aFEa69f1695797046DEEC22A19818a769B,,,EOA,,False
306,0x97e813B9a81d097e60a5E6311bc9A475199B67aE,,,EOA,,False
307,0x9b22770041e7b34Fd191Bf52e234CaBD3380e00C,,,EOA,,False
308,0xB2410C6961c3f89c319dD10D5Bb30A9eD4b5d192,,,EOA,,False
309,0xE969B11Deb3a2E479Ff55A86807802172E2331a5,,,EOA,,False
310,0x1EF6d167A6c03CAD53A3451FD526a5f434E70B91,,,EOA,,False
311,0x270042A7623A90e6eBe6Ae6e3263d61896B46906,,,EOA,,False
312,0x285D153589c8fe208C9F00cc966D7A1d32A9A655,,,EOA,,False
313,0x2B67A3c0b90f6aE4394210692F69968D02970126,,,EOA,,False
314,0x469024b8b117A16f9EdCB8d3754C34AfEDDeC753,,,EOA,,False
315,0x4b8a339be06FF31752a806995B72E76e93dD9106,,,EOA,,False
316,0x67e9a5894D2713553cd3cBC7D034Be9F1F830D3b,,,EOA,,False
317,0x6D2Dc1bF2A961C68fE8E9Aae10b975749cb0A556,,,unknown_smart_contract,,False
318,0x73f9B272aBda7A97CB1b237D85F9a7236EDB6F16,,,EOA,,False
319,0x76e75757Ac24E1f39C619a78f5186C15d1B47632,,,EOA,,False
320,0x818B2dD5c9D9a0a241977bf084d20E74E9030C60,,,EOA,,False
321,0x86904E32B0d7A8e1aB4DC4A02bae7ff93e9A2d33,,,EOA,,False
322,0x97960149fc611508748dE01202974d372a677632,,,EOA,,False
323,0x9cC5be83b211620cfe23e25bc65D6da6751BCf09,,,EOA,,False
324,0xA494C8bf3a9cF0d8a15048095f78fC1126a98801,,,EOA,,False
325,0xa64B6069CD630969253714E9a7e24D3f8455134D,,,EOA,,False
326,0xaC9e6fA8Ad5214F365E99eE96227598eA1E4B20c,,,EOA,,False
327,0xACE0163FFFa24D4589bAa47341dEe5cBf9D3b9b7,,,EOA,,False
328,0xb0aa08e7E588Ecc12705D10b084f84a77827A296,,,EOA,,False
329,0xB5F54ac4466f5ce7E0d8A5cB9FE7b8c0F35B7Ba8,,,unknown_smart_contract,,False
330,0xc860f7c0ba21A21618E4059a3DcD8F90190750ed,,,EOA,,False
331,0xE4D3DF079FBEF6529c893Ee4E9298711d480fF35,,,EOA,,False
332,0xe5782724e87bCd5A1f48737fF6CfeaF875AB5873,,,EOA,,False
333,0xFddE7aD56320B9CC691ad319a8fec2C8D6b993E6,,,EOA,,False
334,0x0176704E0caFcA37F3DF3fE803be19C62c7E56cD,,,EOA,,False
335,0x1C5e269331837415C69b5067f3f0a383676CC1e7,,,EOA,,False
336,0x3aEaCb8c72350Af1d9B3909f433790a19E79269F,,,EOA,,False
337,0x48555e8069978dB4b8cf8788732E13c2d704d340,,,EOA,,False
338,0x4DaC3e07316D2A31baABb252D89663deE8F76f09,,,unknown_smart_contract,,False
339,0x5A17989616C8f3f1372E7CAa6B0b988e80D7A322,,,EOA,,False
340,0x945aa143762Ead221EAa5Aa38faa5b5EeEa52482,,,EOA,,False
341,0x9E55244EB98E7861bbD9623F30f3b9FD8EeBE64c,,,EOA,,False
342,0xA0EA303e9Cea6ac082a9e57C34cb58ec8056f3C3,,,EOA,,False
343,0xB09C421D11CCE6d8915bE941C97b6f8De1198B75,,,EOA,,False
344,0xCC6E3Fd35F034F5baA27b6E74DCB197f084A8721,,,EOA,,False
345,0xd520E3662f2aF962DD6B42AD5b26d6FfCA561296,,,EOA,,False
346,0xd83Ae942bFd25f99D858eA474B0e7f0ea28F7735,,,unknown_smart_contract,,False
347,0x07834B06b5756056e065c0bD1639761Ab8297513,,,unknown_smart_contract,,False
348,0x0aCA67Fa70B142A3b9bF2eD89A81B40ff85dACdC,,,EOA,,False
349,0x42ad05d4f56456230C023Cd023ddbC9935903AB4,,,EOA,,False
350,0x43addE52C6C142912662D3e427709dB5caC9b811,,,EOA,,False
351,0x45BF64fC90f65Ee4ECc47C1b00B8f2fa797E7100,,,EOA,,False
352,0x4F76fF660dc5e37b098De28E6ec32978E4b5bEb6,,,EOA,,False
353,0x50664edE715e131F584D3E7EaAbd7818Bb20A068,,,EOA,,False
354,0x6E6dAc8B84711030253De957D266fDE8Ed9935eD,,,EOA,,False
355,0x7ECCcABB5e4FF4537f70B0A5018E8C0CfD53FfF4,,,EOA,,False
356,0x8E215D06Ea7EC1Fdb4fC5fD21768F4B34eE92EF4,,,EOA,,False
357,0x8f2F124f755e3a33025bE264066f07E5f9728b3e,,,unknown_smart_contract,,False
358,0x8f7e763680a5315F19116ED8C24D67936a99C48C,,,EOA,,False
359,0x9B54D1d45407506BCA3205CC940770371e091d1f,,,EOA,,False
360,0xcA7c767854B1E7305dE07247AB85E30543d1d9c9,,,EOA,,False
361,0xD6d6869333C5Cbf3AF8C973b17193D921Dbe2DF3,,,EOA,,False
362,0xE6Cf4B2F9DF9078D6c4a2697846be67620229Cf0,,,EOA,,False
363,0xF869842bDc723204a63547C1d293722E0F633CbF,,,EOA,,False
364,0xF8b0Bf1198cf82B1446A9e353f77DC37204e657e,,,EOA,,False
365,0x0CCf4ac22059923593f7b3997b1984160C032158,,True Ventures,fund,arkham,True
366,0x1467BAb3230e5dc57Bc8C92e69978994ce5B8eaB,,Crypto Finance Group,cex,arkham,True
367,0x15a8cb60B6d66D62c1c45ce28FBBfd26C8278738,,,EOA,,False
368,0x483456AEd1c5dc77fDa49C96faE52fCb718A170d,,,EOA,,False
369,0x4D7b618FBAdf32C3726082b67b8f68B75CC8c6Cc,,,EOA,,False
370,0x896b94f4f27f12369698C302e2049cAe86936BbB,,,EOA,,False
371,0x963F971A9a10926A0BB28be1F73e1B6160fB4B59,,,EOA,,False
372,0xb8Ac6DeC186496AD25ef7FDc7f341d93DB928d30,,Wintermute,fund,arkham,True
373,0xe3534F90E367F5bd62AF306d9F36804a82ba6cAc,,,EOA,,False
374,0xe3C9E09E49F75d7EC947484abf74579Ea5aa0e18,EMOA,,unknown_smart_contract,,False
375,0x0F5919610885bC1f837b9C28489736A5656d79e0,,,EOA,,False
376,0x17FF46a45d10d8b2ef5b14C73F859D116e10dB4f,,,EOA,,False
377,0x3136ED252D6EC340C7D2fb1285C15aDD1fd4e0fA,,,EOA,,False
378,0x370Ceca4fC1287ED99924bbA76259F6C771A6022,,,EOA,,False
379,0x495efC351e6b99342FAB15a32971cC1DeEd3614d,,,EOA,,False
380,0x5E583B6a1686f7Bc09A6bBa66E852A7C80d36F00,,,EOA,,False
381,0x69A8Ff64ed164eD3D757831D425Fdbe904186108,,,EOA,,False
382,0xa425f914e2CdC749d686e627325E7b6cd43efF6D,,,EOA,,False
383,0xAeEE0F86a109ADeA9b632e41D903E9edcAb4f8e6,,,EOA,,False
384,0xe5E47125D919c4EfDff82ab8792E319096492A87,,,EOA,,False
385,0xf4FA62dD4E815f12d9c54d7eC32031fB69cC78Cf,,,EOA,,False
386,0xf7C6104a11429803Fd643F9e86C111C11A557926,,,EOA,,False
387,0x08a61c799E05f983803F33696f5654a49e166d19,PCV,,unknown_smart_contract,,False
388,0x13e382dfe53207E9ce2eeEab330F69da2794179E,,,EOA,,False
389,0x2bc0105B6bB4C1E53cFD8070b65a0d858695Cd92,,,EOA,,False
390,0x2eCdc1191514B7e1eD44587822DFfAF7C670D6aE,,,EOA,,False
391,0x36cc7B13029B5DEe4034745FB4F24034f3F2ffc6,,,EOA,,False
392,0x43A330deC81bbd5E21f41c6B8354E54d481Efc93,,,EOA,,False
393,0x5364143E10950EE0DCf01cb71742e4e290c70A4d,,,EOA,,False
394,0xA49d9b78ad1b389Ee8D35aDF4Af065aFC17F8C3b,,,EOA,,False
395,0xace2d948fC7ea3Bc49eEE5526786d66d19BC470e,,,EOA,,False
396,0xAf5a05ebe2D24C5C6A6bE222F824A8a0C170dAEC,,,EOA,,False
397,0xbCfd5dbec5F49230210e0Be85ceE183097e840aa,,,EOA,,False
398,0xcd586B88970FdeD6D3DCADf0C6AF4ad581eE7D5C,,,EOA,,False
399,0xFBAcf517a8523a41C75C189FB9FCE7b536030e1A,,,EOA,,False
400,0xfDe2583B0a85f36e62D0652c4a8D71d5CAd125B2,,,EOA,,False
401,0x035483926d143B394Eb9fc8B974b44EBF338dFC7,,,EOA,,False
402,0x0f7fBEeFF2C593dAFd27B6C69f59E32f84D6F448,,,unknown_smart_contract,,False
403,0x0f87DD03a74e6a48D56661d96f44880C79b9d795,,,EOA,,False
404,0x0fc4b69958CB2Fa320a96d54168b89953a953FBF,,,EOA,,False
405,0x0fEE9101E40787e64107C3DC585937c9f3DDB3a6,,,EOA,,False
406,0x49069B69AF418de925e07fFa16092cA9d5623Ad6,,,EOA,,False
407,0x51C27b9CD6517B701CeDD084Dd34B2c3B5eFE246,,,EOA,,False
408,0x5671C624B83246f952d786460D036D378Da16973,IEMOA,,unknown_smart_contract,,False
409,0x6767526a362EC6c6b1DF185478e4F01506B73Ff3,,,EOA,,False
410,0x7390917c51fa26AFB227cD41B1D7123E8489d1dC,,,unknown_smart_contract,,False
411,0x8DC250D5403Ba72cBEaF0ac40f7c61c6DB3a9A20,,,unknown_smart_contract,,False
412,0x976D34936f9ADB2712A1F0325984e18ca6a020C4,,,EOA,,False
413,0xa5cf402BFEf50C5208857CD78Cc08669434Ad015,,,EOA,,False
414,0xA5f27306050a0CFc6c8E4EE5cfB99cBE9De87191,,,EOA,,False
415,0xa958E6B5B36912268AEC342b403b0d240c3aCBfD,,,EOA,,False
416,0x00f282C40b92BEd05f1776caDF1C8b96b9fBaEE3,,,EOA,,False
417,0x1763F1A93815Ee6e6bc3C4475d31cC9570716dB2,,,EOA,,False
418,0x22Acb809d08aE7c79F0b84513EfCE0577acFE514,,,EOA,,False
419,0x593065A46a507dC0Da5146020EfC1476067Aab8c,,,EOA,,False
420,0x5Ba4d09bFe32cd043E1f54889A470d96ABB71bB1,,,EOA,,False
421,0x7e5eC8cd153273c3dF23e53453718a888209FB09,,,unknown_smart_contract,,False
422,0xb3677e8A220E07cb67969057dd7A576d01731fF5,,,unknown_smart_contract,,False
423,0xD09f16830172E6073e8E5EE5053f35010f1c7d7A,,,unknown_smart_contract,,False
424,0x01df05aC0537407f6806fE2b043cc90cfF0309EF,,,EOA,,False
425,0x1CE8D873C4eE3987893B5Eb8Ed3F5D04FA4b4CaE,,,EOA,,False
426,0x35d1a61928b08696e280F98e7677950D395869BC,,,EOA,,False
427,0x4BF2f0c5D423B789E044Ea3534Ba0034a05398F9,,,EOA,,False
428,0x735f95a6595e081c149eA86bcC4f0001546E675b,,,EOA,,False
429,0x8faAC1dbBc4a5556ff99CA90a4220b18F26c1784,,,EOA,,False
430,0xBe23CbB62064b8B1550Ae5ADA59c39d45b1E2081,,,EOA,,False
431,0xd9278486b1d8D4f24415Ed069969470094d4cf73,,,EOA,,False
432,0xDAE23a5798EeCD5F3d2769f95D6ca4470c1B8bf7,,,EOA,,False
433,0x1eDB8A5d51880c81bA6B4812485c3dC16085fC39,,,EOA,,False
434,0x3909336de913344701C6F096502d26208210b39F,,,unknown_smart_contract,,False
435,0x4591fd0C3160CDbFef4caf804Df3e45dA23aF56a,,,unknown_smart_contract,,False
436,0x5C2aB5dC71CED4d3A07F048dC9c068DfD4fC4D53,,,EOA,,False
437,0x7EcA937B8A8DB1628D2A857C7781656A5a9b627B,,,EOA,,False
438,0x92e74E50edCE4573d181C03cA889f72640cD3a94,,,EOA,,False
439,0xbef3fC8d2C89B2cE17e6A948a2764AD2D0951cE8,,,EOA,,False
440,0xdD5Bc57BF90e6C6B341120e5b38fb6EdA8e6481d,,,EOA,,False
441,0xf3e36aD56aa85ABdaCc18c02D19509ae4F7d5899,,,EOA,,False
442,0x0Df7060C91EFb1c531e3e93598e2D472fdf9221A,,,EOA,,False
443,0x17df44483dB7143116F5671a699E41b403067dB6,,,EOA,,False
444,0x18E24850FDEceee577da1e08C63B260cFf69B962,,,EOA,,False
445,0x23d3285bfE4Fd42965A821f3aECf084F5Bd40Ef4,other_contracts,,unknown_smart_contract,,False
446,0x2928908A41A905b9732530ce02d9C2eA3EE39946,,,EOA,,False
447,0x2dEa8B167A2a7e602b6C069925B69efBcea902A5,,,EOA,,False
448,0x51bF82eb274EdF2322444B4f36dBd56179090808,,,EOA,,False
449,0x8a1034e56b0EE90d9b2A2d4D63B07bcAC9457283,,,unknown_smart_contract,,False
450,0x8A8e9730646EFd1e57453054F1a6366897d7cb1C,,,EOA,,False
451,0xA9e8bD5F14C553ef8D8215eAd82997560162132d,,,EOA,,False
452,0xbA2828dc3844898EEEA02aF3DA593C7b13A61C19,,,EOA,,False
453,0xd3d791A9f0A57b6B88fFc00d6577115526ae6C50,,,EOA,,False
454,0xe27A7356344406AFF0165AC053257c6479389589,,,unknown_smart_contract,,False
455,0xE2cde2Af8d4c80028AE03F2Abc3d0cBd4FFeFE08,,,unknown_smart_contract,,False
456,0xf0b9C328cc542a1D45392CD910033Df6893e6A65,,,EOA,,False
457,0xF44220e22573AC6557A60D1973D2A088BAc8DD22,,maker-vault-owner,EOA,etherscan,False
458,0x676Aecc97bF721C3cb3329A22D49C0ea0ED375F7,,,EOA,,False
459,0x8a8743AFC23769d5B27Fb22af510DA3147BB9A55,,,EOA,,False
460,0x8ecadE7f6c5E2996A455fd73661f171301a3c2d6,,,EOA,,False
461,0xaD35626Cd89E017FdD536dE404502D0C74F19555,,,unknown_smart_contract,,False
462,0xb7f1eA585D7Bf0F04941A29A03465cB74844c0Cb,,beacon-depositor,EOA,etherscan,False
463,0xd2D314606CAb9fa389661eF4AF2062e66Ec13a6A,,,EOA,,False
464,0x273E9C8198378640F5f007379034b5fa201eF119,,,EOA,,False
465,0x389505f098a29a994A3ed0e674f07cd451dde42C,,,EOA,,False
466,0x411147C328E430538c6606af6D3B57FD818f5F11,,,EOA,,False
467,0x49f834Da90FAB90e60CcA730B80e7c60e15FCA0B,,,EOA,,False
468,0x9ae57ce31BDae73A0d3BF701998Af5494a1cEeec,,,EOA,,False
469,0xA95906eAfDd96FA6bc07f18941c98e18f5F61CbB,,,EOA,,False
470,0xD5d7a99e7657aD886369ab4467002C6EcdC44040,,,EOA,,False
471,0x0527CA32E9b77bB01e94E69160C37221F54b1522,,,EOA,,False
472,0x32e46CAB87109Ee6EDe7d03d263C47be987238B9,,,EOA,,False
473,0x3ddc0D8b59C05CAe4e4102307305Cf3fBE7cd01C,,,EOA,,False
474,0x3F29065b40353C7D823B5834E8Ccff5Cf1e539B2,,,EOA,,False
475,0x7C976f00E84Db0b44F945fC6d7faD34B43150a1A,,,EOA,,False
476,0x8C548be0d3Dd0c7D924d24dB16aF1540b6Ca55f9,,,EOA,,False
477,0x98339859e8eb8224A54935136fbdC7d380342b37,,,EOA,,False
478,0xd40e8ceE01A147f0a24524D725eF1F0297BA6B06,,,EOA,,False
479,0xFA881c602C1B04eEb9FFA3a4f25E9Ef845e1621a,,,EOA,,False
480,0x29403F5CA040334230A7ECCa907Cfb662178Bd83,,,EOA,,False
481,0x30E4E588e1506B3663728Feeab0c32c4D44C292B,IEMOA,,unknown_smart_contract,,False
482,0x54b55662901aF57B31fb6B52AF8175b652A5816e,,,EOA,,False
483,0x7D1904427673Cf7E0BA90b3288BC955F11d51ad5,,,EOA,,False
484,0x8252b3E3Cf1AF9f87dB9243Fe203Ff5608d4D7aa,,,EOA,,False
485,0xa5946A2C7A6C4232224b89a696AE51879bf5aED1,,,unknown_smart_contract,,False
486,0xb1ddE4d00b21C62EdA810773B44151e0AfE49c1C,,,EOA,,False
487,0xCC67717E45e9b2e33E899e70123e9305a1Eb6A75,,,EOA,,False
488,0xEa54DC3Db9e248f274A251512372fb9dFE84d364,,,EOA,,False
489,0xfb2FB548fCc27228CEc48bA2aFCA7cdE532C60EE,,,EOA,,False
490,0x013d81dCFA99546c14AB3976Abbe494B3e07EdD8,IEMOA,,unknown_smart_contract,,False
491,0x0a25366c4A76732839F3F9A63093E53423B647a6,,,unknown_smart_contract,,False
492,0x16b2e1230fE07a340d4e541Bb55d025136d54b2f,,,EOA,,False
493,0x19379a92a61fE2fcF7571c84E44F6fE9Df57932d,,,EOA,,False
494,0x195E8cD1Cca12FD18643000C6D4e21B766d92A10,,,EOA,,False
495,0x4BBA5F077a8fCFaF8d6d07c6cfBCE553E2d94C9c,,,EOA,,False
496,0x4c9F7207be28278b9DCA129f2e211AcfFf48Fb01,,,EOA,,False
497,0x602d9aBD5671D24026e2ca473903fF2A9A957407,,,EOA,,False
498,0x6264B7F05fACAdAf24b71a96E1Df3f46a654b799,,,EOA,,False
499,0xA52B2b3A918Effe74F02ffa3C166742af0B36ea7,,,EOA,,False
500,0xC69aDcA4485C0C494f34e9Aa6b0A31f343f76411,,,EOA,,False
501,0xc9bAE7707881009CEE36E93d6Bd518D84c2ACaB2,,,unknown_smart_contract,,False
502,0xDA14473cB67529C8a780c4D0c5C6eb2CF1A9FDE7,,,EOA,,False
503,0xdDFa95dFb378d271ABb3d092E9755eAa75AB62Ef,,,EOA,,False
