snapshot_date,snapshot_block,token_a,token_b,link_name,metric,observed,p01,p05,p10,p25,p50,p75,p90,p95,p99,p_value,n_iter
2021-06-15,12638919,0x9f8f72aa9304c8b593d555f12ef6589cc3a579a2,0xc00e94cb662c3520282e6f5717214004a7f26888,MKR-COMP,link_size,22565.0,20544.990234375,20627.0,20665.900390625,20736.0,20816.0,20894.0,20966.0,21006.0,21090.0,0.0,10000
2021-06-15,12638919,0x9f8f72aa9304c8b593d555f12ef6589cc3a579a2,0xc00e94cb662c3520282e6f5717214004a7f26888,MKR-COMP,avg_token_holding_share,0.10442321002483368,0.08390414714813232,0.0984358862042427,0.10939254611730576,0.12970110774040222,0.16484177112579346,0.2390183061361313,0.29789185523986816,0.3318758010864258,0.4259500503540039,0.9256,10000
2021-06-15,12638919,0x9f8f72aa9304c8b593d555f12ef6589cc3a579a2,0xc00e94cb662c3520282e6f5717214004a7f26888,MKR-COMP,dir_share_token_a,0.10165511071681976,0.10883191972970963,0.1308007389307022,0.14449843764305115,0.17319372296333313,0.22391080856323242,0.3348952531814575,0.42269647121429443,0.4593677520751953,0.5131850242614746,0.9951,10000
2021-06-15,12638919,0x9f8f72aa9304c8b593d555f12ef6589cc3a579a2,0xc00e94cb662c3520282e6f5717214004a7f26888,MKR-COMP,dir_share_token_b,0.1071912944316864,0.02363174967467785,0.03462186083197594,0.040995754301548004,0.05702054500579834,0.08166971802711487,0.11985082179307938,0.3843327760696411,0.4184149205684662,0.46817559003829956,0.3094,10000
2021-06-15,12638919,0x9f8f72aa9304c8b593d555f12ef6589cc3a579a2,0xc00e94cb662c3520282e6f5717214004a7f26888,MKR-COMP,median_token_value_usd,52.856651306152344,52.95254898071289,53.45704650878906,53.72032928466797,54.18538284301758,54.74702453613281,55.298500061035156,55.80101013183594,56.12411117553711,56.756683349609375,0.9935,10000
2021-06-15,12638919,0x9f8f72aa9304c8b593d555f12ef6589cc3a579a2,0xc00e94cb662c3520282e6f5717214004a7f26888,MKR-COMP,gini_token_holding_share,0.9949241500577184,0.9909651279449463,0.9920960068702698,0.9927389621734619,0.9937294721603394,0.9949097633361816,0.9965012669563293,0.9971501231193542,0.9974162578582764,0.997943103313446,0.4969,10000
2021-06-15,12638919,0x9f8f72aa9304c8b593d555f12ef6589cc3a579a2,0xc00e94cb662c3520282e6f5717214004a7f26888,MKR-COMP,label_share__unknown_smart_contract,0.2994970130055125,,,,,,,,,,,10000
2021-06-15,12638919,0x9f8f72aa9304c8b593d555f12ef6589cc3a579a2,0xc00e94cb662c3520282e6f5717214004a7f26888,MKR-COMP,label_share__fund,0.14268716514315574,,,,,,,,,,,10000
2021-06-15,12638919,0x9f8f72aa9304c8b593d555f12ef6589cc3a579a2,0xc00e94cb662c3520282e6f5717214004a7f26888,MKR-COMP,label_share__custodian,0.00045088208663482106,,,,,,,,,,,10000
2021-06-15,12638919,0x9f8f72aa9304c8b593d555f12ef6589cc3a579a2,0xc00e94cb662c3520282e6f5717214004a7f26888,MKR-COMP,label_share__EOA,0.010648298687497794,,,,,,,,,,,10000
2021-06-15,12638919,0x9f8f72aa9304c8b593d555f12ef6589cc3a579a2,0xc00e94cb662c3520282e6f5717214004a7f26888,MKR-COMP,label_share__cex,0.46845469951035407,,,,,,,,,,,10000
2021-06-15,12638919,0x9f8f72aa9304c8b593d555f12ef6589cc3a579a2,0xc00e94cb662c3520282e6f5717214004a7f26888,MKR-COMP,label_share__misc,0.049469393841765165,,,,,,,,,,,10000
2021-06-15,12638919,0x9f8f72aa9304c8b593d555f12ef6589cc3a579a2,0xc00e94cb662c3520282e6f5717214004a7f26888,MKR-COMP,label_share__fund-decentralized,0.003994686469485167,,,,,,,,,,,10000
2021-06-15,12638919,0x9f8f72aa9304c8b593d555f12ef6589cc3a579a2,0xc00e94cb662c3520282e6f5717214004a7f26888,MKR-COMP,label_share__yield,0.0015202295604792027,,,,,,,,,,,10000
2021-06-15,12638919,0x9f8f72aa9304c8b593d555f12ef6589cc3a579a2,0xc00e94cb662c3520282e6f5717214004a7f26888,MKR-COMP,label_share__mev-bot,0.00041356945412671846,,,,,,,,,,,10000
2021-06-15,12638919,0x9f8f72aa9304c8b593d555f12ef6589cc3a579a2,0xc00e94cb662c3520282e6f5717214004a7f26888,MKR-COMP,label_share__lending-centralized,0.002755480843688456,,,,,,,,,,,10000
2021-06-15,12638919,0x9f8f72aa9304c8b593d555f12ef6589cc3a579a2,0xc00e94cb662c3520282e6f5717214004a7f26888,MKR-COMP,label_share__individual,0.002290705537706399,,,,,,,,,,,10000
2021-06-15,12638919,0x9f8f72aa9304c8b593d555f12ef6589cc3a579a2,0xc00e94cb662c3520282e6f5717214004a7f26888,MKR-COMP,label_share__dex,0.01781029945698504,,,,,,,,,,,10000
2021-06-15,12638919,0x9f8f72aa9304c8b593d555f12ef6589cc3a579a2,0xc00e94cb662c3520282e6f5717214004a7f26888,MKR-COMP,label_share__smart-contract-platform,7.534365729974975e-06,,,,,,,,,,,10000
2021-06-15,12638919,0x111111111117dc0aa78b770fa6a738034120c302,0x6b3595068778dd592e39a122f4f5a5cf09c90fe2,1INCH-SUSHI,link_size,5727.0,5293.0,5335.0,5359.0,5401.0,5447.0,5492.0,5533.0,5558.0,5603.0,0.0,10000
2021-06-15,12638919,0x111111111117dc0aa78b770fa6a738034120c302,0x6b3595068778dd592e39a122f4f5a5cf09c90fe2,1INCH-SUSHI,avg_token_holding_share,0.10187539458274841,0.008158434182405472,0.010794916190207005,0.012763099744915962,0.017965447157621384,0.03242319077253342,0.08811049908399582,0.21872738003730774,0.4622008502483368,0.5706276297569275,0.209,10000
2021-06-15,12638919,0x111111111117dc0aa78b770fa6a738034120c302,0x6b3595068778dd592e39a122f4f5a5cf09c90fe2,1INCH-SUSHI,dir_share_token_a,0.0413961187005043,0.001905869459733367,0.0024828186724334955,0.0028879803139716387,0.003935915417969227,0.007088935934007168,0.016428593546152115,0.03962308540940285,0.8840126395225525,0.8975319266319275,0.0968,10000
2021-06-15,12638919,0x111111111117dc0aa78b770fa6a738034120c302,0x6b3595068778dd592e39a122f4f5a5cf09c90fe2,1INCH-SUSHI,dir_share_token_b,0.16235466301441193,0.010853292420506477,0.01474709901958704,0.01775730401277542,0.02509992942214012,0.045027874410152435,0.1195794939994812,0.31426626443862915,0.35515734553337097,0.47612231969833374,0.1914,10000
2021-06-15,12638919,0x111111111117dc0aa78b770fa6a738034120c302,0x6b3595068778dd592e39a122f4f5a5cf09c90fe2,1INCH-SUSHI,median_token_value_usd,469.3344421386719,395.92376708984375,405.13482666015625,409.91143798828125,418.1854248046875,427.622314453125,438.45220947265625,447.7571105957031,453.2160339355469,461.08135986328125,0.0025,10000
2021-06-15,12638919,0x111111111117dc0aa78b770fa6a738034120c302,0x6b3595068778dd592e39a122f4f5a5cf09c90fe2,1INCH-SUSHI,gini_token_holding_share,0.9929654675403975,0.9604212045669556,0.9689410328865051,0.9736089706420898,0.980718731880188,0.9891089200973511,0.9958333373069763,0.9981176257133484,0.9990593194961548,0.9991229176521301,0.3815,10000
2021-06-15,12638919,0x111111111117dc0aa78b770fa6a738034120c302,0x6b3595068778dd592e39a122f4f5a5cf09c90fe2,1INCH-SUSHI,label_share__unknown_smart_contract,0.054450880676342996,,,,,,,,,,,10000
2021-06-15,12638919,0x111111111117dc0aa78b770fa6a738034120c302,0x6b3595068778dd592e39a122f4f5a5cf09c90fe2,1INCH-SUSHI,label_share__fund,0.07102873578356075,,,,,,,,,,,10000
2021-06-15,12638919,0x111111111117dc0aa78b770fa6a738034120c302,0x6b3595068778dd592e39a122f4f5a5cf09c90fe2,1INCH-SUSHI,label_share__cex,0.8106116276821947,,,,,,,,,,,10000
2021-06-15,12638919,0x111111111117dc0aa78b770fa6a738034120c302,0x6b3595068778dd592e39a122f4f5a5cf09c90fe2,1INCH-SUSHI,label_share__custodian,0.0010192891144961665,,,,,,,,,,,10000
2021-06-15,12638919,0x111111111117dc0aa78b770fa6a738034120c302,0x6b3595068778dd592e39a122f4f5a5cf09c90fe2,1INCH-SUSHI,label_share__EOA,0.0203069984563461,,,,,,,,,,,10000
2021-06-15,12638919,0x111111111117dc0aa78b770fa6a738034120c302,0x6b3595068778dd592e39a122f4f5a5cf09c90fe2,1INCH-SUSHI,label_share__smart-contract-platform,0.03635118380056795,,,,,,,,,,,10000
2021-06-15,12638919,0x111111111117dc0aa78b770fa6a738034120c302,0x6b3595068778dd592e39a122f4f5a5cf09c90fe2,1INCH-SUSHI,label_share__mev-bot,0.0006158444517734105,,,,,,,,,,,10000
2021-06-15,12638919,0x111111111117dc0aa78b770fa6a738034120c302,0x6b3595068778dd592e39a122f4f5a5cf09c90fe2,1INCH-SUSHI,label_share__misc,0.0020133039177323057,,,,,,,,,,,10000
2021-06-15,12638919,0x111111111117dc0aa78b770fa6a738034120c302,0x6b3595068778dd592e39a122f4f5a5cf09c90fe2,1INCH-SUSHI,label_share__bridge,0.0028574774267480034,,,,,,,,,,,10000
2021-06-15,12638919,0x111111111117dc0aa78b770fa6a738034120c302,0x6b3595068778dd592e39a122f4f5a5cf09c90fe2,1INCH-SUSHI,label_share__dex,0.000744616654120486,,,,,,,,,,,10000
2021-06-15,12638919,0x111111111117dc0aa78b770fa6a738034120c302,0xd533a949740bb3306d119cc777fa900ba034cd52,1INCH-CRV,link_size,3715.0,3364.0,3400.0,3421.0,3454.0,3491.0,3527.0,3562.0,3583.0,3619.0,0.0,10000
2021-06-15,12638919,0x111111111117dc0aa78b770fa6a738034120c302,0xd533a949740bb3306d119cc777fa900ba034cd52,1INCH-CRV,avg_token_holding_share,0.07422700524330139,0.003345025237649679,0.005292979534715414,0.007160926703363657,0.013920487836003304,0.02649424970149994,0.0668632760643959,0.23346158862113953,0.444952130317688,0.5137039422988892,0.2327,10000
2021-06-15,12638919,0x111111111117dc0aa78b770fa6a738034120c302,0xd533a949740bb3306d119cc777fa900ba034cd52,1INCH-CRV,dir_share_token_a,0.04745178297162056,0.0009760381653904915,0.0013051836285740137,0.0015501852612942457,0.002132255584001541,0.0034499955363571644,0.00883389636874199,0.029148653149604797,0.8806512951850891,0.8885418772697449,0.0535,10000
2021-06-15,12638919,0x111111111117dc0aa78b770fa6a738034120c302,0xd533a949740bb3306d119cc777fa900ba034cd52,1INCH-CRV,dir_share_token_b,0.10100223124027252,0.004104056395590305,0.006337682716548443,0.009039545431733131,0.02098875306546688,0.04271785914897919,0.09900087118148804,0.2623005211353302,0.46068018674850464,0.557915210723877,0.2474,10000
2021-06-15,12638919,0x111111111117dc0aa78b770fa6a738034120c302,0xd533a949740bb3306d119cc777fa900ba034cd52,1INCH-CRV,median_token_value_usd,646.516845703125,530.060791015625,547.25048828125,556.2225952148438,566.6859130859375,579.4617309570312,590.6553344726562,600.80517578125,605.4593505859375,618.2869873046875,0.0,10000
2021-06-15,12638919,0x111111111117dc0aa78b770fa6a738034120c302,0xd533a949740bb3306d119cc777fa900ba034cd52,1INCH-CRV,gini_token_holding_share,0.9932871171592601,0.9356960654258728,0.9572838544845581,0.9683903455734253,0.9833523035049438,0.9907846450805664,0.9959535598754883,0.9986705780029297,0.999100923538208,0.9992076754570007,0.3624,10000
2021-06-15,12638919,0x111111111117dc0aa78b770fa6a738034120c302,0xd533a949740bb3306d119cc777fa900ba034cd52,1INCH-CRV,label_share__unknown_smart_contract,0.029931385653245067,,,,,,,,,,,10000
2021-06-15,12638919,0x111111111117dc0aa78b770fa6a738034120c302,0xd533a949740bb3306d119cc777fa900ba034cd52,1INCH-CRV,label_share__fund,0.02115163324032302,,,,,,,,,,,10000
2021-06-15,12638919,0x111111111117dc0aa78b770fa6a738034120c302,0xd533a949740bb3306d119cc777fa900ba034cd52,1INCH-CRV,label_share__EOA,0.008951985151854941,,,,,,,,,,,10000
2021-06-15,12638919,0x111111111117dc0aa78b770fa6a738034120c302,0xd533a949740bb3306d119cc777fa900ba034cd52,1INCH-CRV,label_share__cex,0.7761978828254331,,,,,,,,,,,10000
2021-06-15,12638919,0x111111111117dc0aa78b770fa6a738034120c302,0xd533a949740bb3306d119cc777fa900ba034cd52,1INCH-CRV,label_share__custodian,0.0003082032477248614,,,,,,,,,,,10000
2021-06-15,12638919,0x111111111117dc0aa78b770fa6a738034120c302,0xd533a949740bb3306d119cc777fa900ba034cd52,1INCH-CRV,label_share__fund-decentralized,0.0021706271743865543,,,,,,,,,,,10000
2021-06-15,12638919,0x111111111117dc0aa78b770fa6a738034120c302,0xd533a949740bb3306d119cc777fa900ba034cd52,1INCH-CRV,label_share__smart-contract-platform,0.010853904372662503,,,,,,,,,,,10000
2021-06-15,12638919,0x111111111117dc0aa78b770fa6a738034120c302,0xd533a949740bb3306d119cc777fa900ba034cd52,1INCH-CRV,label_share__mev-bot,0.00034952425276164656,,,,,,,,,,,10000
2021-06-15,12638919,0x111111111117dc0aa78b770fa6a738034120c302,0xd533a949740bb3306d119cc777fa900ba034cd52,1INCH-CRV,label_share__dex,0.007717487725788651,,,,,,,,,,,10000
2021-06-15,12638919,0x111111111117dc0aa78b770fa6a738034120c302,0xd533a949740bb3306d119cc777fa900ba034cd52,1INCH-CRV,label_share__lending-decentralized,0.14236733858096998,,,,,,,,,,,10000
2021-06-15,12638919,0x111111111117dc0aa78b770fa6a738034120c302,0x5a98fcbea516cf06857215779fd812ca3bef1b32,1INCH-LDO,link_size,532.0,354.0,367.0,374.0,386.0,398.0,411.0,423.0,430.0,443.0,0.0,10000
2021-06-15,12638919,0x111111111117dc0aa78b770fa6a738034120c302,0x5a98fcbea516cf06857215779fd812ca3bef1b32,1INCH-LDO,avg_token_holding_share,0.015793150290846825,0.003316879505291581,0.007529142312705517,0.011014645919203758,0.020555170252919197,0.03821884095668793,0.060553308576345444,0.12026112526655197,0.15275749564170837,0.1977691352367401,0.8266,10000
2021-06-15,12638919,0x111111111117dc0aa78b770fa6a738034120c302,0x5a98fcbea516cf06857215779fd812ca3bef1b32,1INCH-LDO,dir_share_token_a,0.000587239395827055,4.4995362259214744e-05,5.384974429034628e-05,6.05365821684245e-05,8.019399683689699e-05,0.00017982118879444897,0.0003901670570485294,0.0010542006930336356,0.0033556902781128883,0.027688052505254745,0.1688,10000
2021-06-15,12638919,0x111111111117dc0aa78b770fa6a738034120c302,0x5a98fcbea516cf06857215779fd812ca3bef1b32,1INCH-LDO,dir_share_token_b,0.030999062582850456,0.006161944475024939,0.014579732902348042,0.021350640803575516,0.04027116298675537,0.07531131058931351,0.11882099509239197,0.2100110650062561,0.2941405177116394,0.363363653421402,0.825,10000
2021-06-15,12638919,0x111111111117dc0aa78b770fa6a738034120c302,0x5a98fcbea516cf06857215779fd812ca3bef1b32,1INCH-LDO,median_token_value_usd,1245.445068359375,1239.0115966796875,1339.916015625,1402.2283935546875,1507.5330810546875,1633.4798583984375,1777.69091796875,1923.427978515625,2029.522216796875,2236.912353515625,0.9887,10000
2021-06-15,12638919,0x111111111117dc0aa78b770fa6a738034120c302,0x5a98fcbea516cf06857215779fd812ca3bef1b32,1INCH-LDO,gini_token_holding_share,0.9857950214783264,0.9491453170776367,0.971574604511261,0.9768791794776917,0.9834195375442505,0.9875613451004028,0.9902390241622925,0.9924079179763794,0.994390606880188,0.9958018064498901,0.617,10000
2021-06-15,12638919,0x111111111117dc0aa78b770fa6a738034120c302,0x5a98fcbea516cf06857215779fd812ca3bef1b32,1INCH-LDO,label_share__unknown_smart_contract,0.710519575776523,,,,,,,,,,,10000
2021-06-15,12638919,0x111111111117dc0aa78b770fa6a738034120c302,0x5a98fcbea516cf06857215779fd812ca3bef1b32,1INCH-LDO,label_share__EOA,0.027516192597152097,,,,,,,,,,,10000
2021-06-15,12638919,0x111111111117dc0aa78b770fa6a738034120c302,0x5a98fcbea516cf06857215779fd812ca3bef1b32,1INCH-LDO,label_share__individual,0.1582964701836315,,,,,,,,,,,10000
2021-06-15,12638919,0x111111111117dc0aa78b770fa6a738034120c302,0x5a98fcbea516cf06857215779fd812ca3bef1b32,1INCH-LDO,label_share__misc,0.01075883351910859,,,,,,,,,,,10000
2021-06-15,12638919,0x111111111117dc0aa78b770fa6a738034120c302,0x5a98fcbea516cf06857215779fd812ca3bef1b32,1INCH-LDO,label_share__cex,0.09119274614356632,,,,,,,,,,,10000
2021-06-15,12638919,0x111111111117dc0aa78b770fa6a738034120c302,0x5a98fcbea516cf06857215779fd812ca3bef1b32,1INCH-LDO,label_share__lending-decentralized,0.00032369600646762667,,,,,,,,,,,10000
2021-06-15,12638919,0x111111111117dc0aa78b770fa6a738034120c302,0x5a98fcbea516cf06857215779fd812ca3bef1b32,1INCH-LDO,label_share__dex,0.0013924377074492006,,,,,,,,,,,10000
2021-06-15,12638919,0x0bc529c00c6401aef6d220be8c6ea1667f6ad93e,0x6b3595068778dd592e39a122f4f5a5cf09c90fe2,YFI-SUSHI,link_size,5130.0,3069.0,3105.0,3124.89990234375,3156.0,3191.0,3227.25,3257.0,3277.0,3315.0,0.0,10000
2021-06-15,12638919,0x0bc529c00c6401aef6d220be8c6ea1667f6ad93e,0x6b3595068778dd592e39a122f4f5a5cf09c90fe2,YFI-SUSHI,avg_token_holding_share,0.19826607406139374,0.01734619401395321,0.022852467373013496,0.02643493004143238,0.035129234194755554,0.052200548350811005,0.08614864945411682,0.1359838843345642,0.19120566546916962,0.2684878706932068,0.0416,10000
2021-06-15,12638919,0x0bc529c00c6401aef6d220be8c6ea1667f6ad93e,0x6b3595068778dd592e39a122f4f5a5cf09c90fe2,YFI-SUSHI,dir_share_token_a,0.2088613212108612,0.02223009243607521,0.029200633987784386,0.03416191786527634,0.04593668505549431,0.0668807327747345,0.10025405138731003,0.15906719863414764,0.2147960662841797,0.26908040046691895,0.057,10000
2021-06-15,12638919,0x0bc529c00c6401aef6d220be8c6ea1667f6ad93e,0x6b3595068778dd592e39a122f4f5a5cf09c90fe2,YFI-SUSHI,dir_share_token_b,0.18767082691192627,0.004752699751406908,0.006541654467582703,0.00803091749548912,0.011507237330079079,0.019923491403460503,0.05311799421906471,0.15870606899261475,0.3259689509868622,0.401084303855896,0.069,10000
2021-06-15,12638919,0x0bc529c00c6401aef6d220be8c6ea1667f6ad93e,0x6b3595068778dd592e39a122f4f5a5cf09c90fe2,YFI-SUSHI,median_token_value_usd,89.2470932006836,391.72918701171875,403.2195739746094,410.5693664550781,422.65509033203125,436.084716796875,449.7137451171875,461.74566650390625,469.28826904296875,483.48577880859375,1.0,10000
2021-06-15,12638919,0x0bc529c00c6401aef6d220be8c6ea1667f6ad93e,0x6b3595068778dd592e39a122f4f5a5cf09c90fe2,YFI-SUSHI,gini_token_holding_share,0.9908347959377803,0.9620417952537537,0.9698736667633057,0.9734099507331848,0.9791967272758484,0.9853676557540894,0.9906187653541565,0.9938752055168152,0.9956594109535217,0.9965461492538452,0.2411,10000
2021-06-15,12638919,0x0bc529c00c6401aef6d220be8c6ea1667f6ad93e,0x6b3595068778dd592e39a122f4f5a5cf09c90fe2,YFI-SUSHI,label_share__unknown_smart_contract,0.055111181526661675,,,,,,,,,,,10000
2021-06-15,12638919,0x0bc529c00c6401aef6d220be8c6ea1667f6ad93e,0x6b3595068778dd592e39a122f4f5a5cf09c90fe2,YFI-SUSHI,label_share__fund,0.10989151180936876,,,,,,,,,,,10000
2021-06-15,12638919,0x0bc529c00c6401aef6d220be8c6ea1667f6ad93e,0x6b3595068778dd592e39a122f4f5a5cf09c90fe2,YFI-SUSHI,label_share__EOA,0.0501868317344993,,,,,,,,,,,10000
2021-06-15,12638919,0x0bc529c00c6401aef6d220be8c6ea1667f6ad93e,0x6b3595068778dd592e39a122f4f5a5cf09c90fe2,YFI-SUSHI,label_share__custodian,0.00047952226689777284,,,,,,,,,,,10000
2021-06-15,12638919,0x0bc529c00c6401aef6d220be8c6ea1667f6ad93e,0x6b3595068778dd592e39a122f4f5a5cf09c90fe2,YFI-SUSHI,label_share__cex,0.7129304389759782,,,,,,,,,,,10000
2021-06-15,12638919,0x0bc529c00c6401aef6d220be8c6ea1667f6ad93e,0x6b3595068778dd592e39a122f4f5a5cf09c90fe2,YFI-SUSHI,label_share__misc,0.034752295950162444,,,,,,,,,,,10000
2021-06-15,12638919,0x0bc529c00c6401aef6d220be8c6ea1667f6ad93e,0x6b3595068778dd592e39a122f4f5a5cf09c90fe2,YFI-SUSHI,label_share__smart-contract-platform,0.021642327068335205,,,,,,,,,,,10000
2021-06-15,12638919,0x0bc529c00c6401aef6d220be8c6ea1667f6ad93e,0x6b3595068778dd592e39a122f4f5a5cf09c90fe2,YFI-SUSHI,label_share__mev-bot,0.0005650370951524909,,,,,,,,,,,10000
2021-06-15,12638919,0x0bc529c00c6401aef6d220be8c6ea1667f6ad93e,0x6b3595068778dd592e39a122f4f5a5cf09c90fe2,YFI-SUSHI,label_share__lending-centralized,0.0003012536194978306,,,,,,,,,,,10000
2021-06-15,12638919,0x0bc529c00c6401aef6d220be8c6ea1667f6ad93e,0x6b3595068778dd592e39a122f4f5a5cf09c90fe2,YFI-SUSHI,label_share__yield,0.0014554411124541738,,,,,,,,,,,10000
2021-06-15,12638919,0x0bc529c00c6401aef6d220be8c6ea1667f6ad93e,0x6b3595068778dd592e39a122f4f5a5cf09c90fe2,YFI-SUSHI,label_share__dex,0.0009403182785554078,,,,,,,,,,,10000
2021-06-15,12638919,0x0bc529c00c6401aef6d220be8c6ea1667f6ad93e,0x6b3595068778dd592e39a122f4f5a5cf09c90fe2,YFI-SUSHI,label_share__bridge,0.011743848165419317,,,,,,,,,,,10000
2021-06-15,12638919,0x4e3fbd56cd56c3e72c1403e103b45db9da5b9d2b,0x6b3595068778dd592e39a122f4f5a5cf09c90fe2,CVX-SUSHI,link_size,390.0,155.0,164.0,168.0,176.0,185.0,194.0,202.0,207.0,216.0,0.0,10000
2021-06-15,12638919,0x4e3fbd56cd56c3e72c1403e103b45db9da5b9d2b,0x6b3595068778dd592e39a122f4f5a5cf09c90fe2,CVX-SUSHI,avg_token_holding_share,0.0012462420854717493,0.0002161208976758644,0.0002820915833581239,0.0003364297153893858,0.000493885250762105,0.001130334218032658,0.02092081308364868,0.21639502048492432,0.23596835136413574,0.2633422017097473,0.4777,10000
2021-06-15,12638919,0x4e3fbd56cd56c3e72c1403e103b45db9da5b9d2b,0x6b3595068778dd592e39a122f4f5a5cf09c90fe2,CVX-SUSHI,dir_share_token_a,0.0013217051746323705,0.0003187281545251608,0.00040426550549454987,0.0004686127067543566,0.0006301973480731249,0.001078536151908338,0.03053518570959568,0.4259257912635803,0.4711780846118927,0.5250738859176636,0.4428,10000
2021-06-15,12638919,0x4e3fbd56cd56c3e72c1403e103b45db9da5b9d2b,0x6b3595068778dd592e39a122f4f5a5cf09c90fe2,CVX-SUSHI,dir_share_token_b,0.00117077911272645,3.3755641197785735e-05,4.7628684114897624e-05,5.926996891503222e-05,9.639577911002561e-05,0.0002222460025222972,0.0008526964229531586,0.0028556035831570625,0.007234151475131512,0.09391961991786957,0.1944,10000
2021-06-15,12638919,0x4e3fbd56cd56c3e72c1403e103b45db9da5b9d2b,0x6b3595068778dd592e39a122f4f5a5cf09c90fe2,CVX-SUSHI,median_token_value_usd,230.14044189453125,220.35279846191406,254.04200744628906,273.5382385253906,307.7140197753906,350.77197265625,400.162841796875,446.9327697753906,472.8501281738281,533.9196166992188,0.983,10000
2021-06-15,12638919,0x4e3fbd56cd56c3e72c1403e103b45db9da5b9d2b,0x6b3595068778dd592e39a122f4f5a5cf09c90fe2,CVX-SUSHI,gini_token_holding_share,0.8853747498063704,0.7664668560028076,0.8030891418457031,0.8253774642944336,0.8690091371536255,0.9346161484718323,0.9901807904243469,0.9939730763435364,0.9943538904190063,0.9947347044944763,0.6923,10000
2021-06-15,12638919,0x4e3fbd56cd56c3e72c1403e103b45db9da5b9d2b,0x6b3595068778dd592e39a122f4f5a5cf09c90fe2,CVX-SUSHI,label_share__unknown_smart_contract,0.7478884220096068,,,,,,,,,,,10000
2021-06-15,12638919,0x4e3fbd56cd56c3e72c1403e103b45db9da5b9d2b,0x6b3595068778dd592e39a122f4f5a5cf09c90fe2,CVX-SUSHI,label_share__cex,0.24644502480958208,,,,,,,,,,,10000
2021-06-15,12638919,0x4e3fbd56cd56c3e72c1403e103b45db9da5b9d2b,0x6b3595068778dd592e39a122f4f5a5cf09c90fe2,CVX-SUSHI,label_share__fund,0.005643450646666115,,,,,,,,,,,10000
2021-06-15,12638919,0x4e3fbd56cd56c3e72c1403e103b45db9da5b9d2b,0x6b3595068778dd592e39a122f4f5a5cf09c90fe2,CVX-SUSHI,label_share__individual,2.3139363827707077e-05,,,,,,,,,,,10000
2021-06-15,12638919,0x6b3595068778dd592e39a122f4f5a5cf09c90fe2,0xd533a949740bb3306d119cc777fa900ba034cd52,SUSHI-CRV,link_size,4058.0,2905.0,2938.0,2957.0,2987.0,3022.0,3055.0,3087.0,3106.0498046875,3142.0,0.0,10000
2021-06-15,12638919,0x6b3595068778dd592e39a122f4f5a5cf09c90fe2,0xd533a949740bb3306d119cc777fa900ba034cd52,SUSHI-CRV,avg_token_holding_share,0.10514034330844879,0.005903792101889849,0.008701404556632042,0.01137063093483448,0.019355595111846924,0.035650890320539474,0.08371283113956451,0.20693369209766388,0.24193952977657318,0.31082555651664734,0.1776,10000
2021-06-15,12638919,0x6b3595068778dd592e39a122f4f5a5cf09c90fe2,0xd533a949740bb3306d119cc777fa900ba034cd52,SUSHI-CRV,dir_share_token_a,0.1463613510131836,0.004265193361788988,0.006054843310266733,0.007362267933785915,0.010730570182204247,0.01839728094637394,0.04898136854171753,0.15233798325061798,0.2624135911464691,0.36987990140914917,0.1021,10000
2021-06-15,12638919,0x6b3595068778dd592e39a122f4f5a5cf09c90fe2,0xd533a949740bb3306d119cc777fa900ba034cd52,SUSHI-CRV,dir_share_token_b,0.06391933560371399,0.0031509501859545708,0.004814362619072199,0.006626659072935581,0.01493350975215435,0.03596547991037369,0.07737948000431061,0.1925562173128128,0.44823431968688965,0.5217159390449524,0.2867,10000
2021-06-15,12638919,0x6b3595068778dd592e39a122f4f5a5cf09c90fe2,0xd533a949740bb3306d119cc777fa900ba034cd52,SUSHI-CRV,median_token_value_usd,287.92242431640625,310.34613037109375,320.7515563964844,326.55084228515625,335.6492919921875,345.4336853027344,356.52459716796875,366.5415344238281,373.0852966308594,386.1102294921875,0.9999,10000
2021-06-15,12638919,0x6b3595068778dd592e39a122f4f5a5cf09c90fe2,0xd533a949740bb3306d119cc777fa900ba034cd52,SUSHI-CRV,gini_token_holding_share,0.9928018179086078,0.9581828117370605,0.9704282879829407,0.9770041108131409,0.9858553409576416,0.9916810989379883,0.9962236285209656,0.9981968402862549,0.9984540343284607,0.9985878467559814,0.4403,10000
2021-06-15,12638919,0x6b3595068778dd592e39a122f4f5a5cf09c90fe2,0xd533a949740bb3306d119cc777fa900ba034cd52,SUSHI-CRV,label_share__unknown_smart_contract,0.04480174221113587,,,,,,,,,,,10000
2021-06-15,12638919,0x6b3595068778dd592e39a122f4f5a5cf09c90fe2,0xd533a949740bb3306d119cc777fa900ba034cd52,SUSHI-CRV,label_share__fund,0.03440185737614244,,,,,,,,,,,10000
2021-06-15,12638919,0x6b3595068778dd592e39a122f4f5a5cf09c90fe2,0xd533a949740bb3306d119cc777fa900ba034cd52,SUSHI-CRV,label_share__cex,0.8494202830522686,,,,,,,,,,,10000
2021-06-15,12638919,0x6b3595068778dd592e39a122f4f5a5cf09c90fe2,0xd533a949740bb3306d119cc777fa900ba034cd52,SUSHI-CRV,label_share__custodian,0.0007756181476176715,,,,,,,,,,,10000
2021-06-15,12638919,0x6b3595068778dd592e39a122f4f5a5cf09c90fe2,0xd533a949740bb3306d119cc777fa900ba034cd52,SUSHI-CRV,label_share__EOA,0.02832286478553159,,,,,,,,,,,10000
2021-06-15,12638919,0x6b3595068778dd592e39a122f4f5a5cf09c90fe2,0xd533a949740bb3306d119cc777fa900ba034cd52,SUSHI-CRV,label_share__smart-contract-platform,0.03181505204051277,,,,,,,,,,,10000
2021-06-15,12638919,0x6b3595068778dd592e39a122f4f5a5cf09c90fe2,0xd533a949740bb3306d119cc777fa900ba034cd52,SUSHI-CRV,label_share__mev-bot,0.0007120580142977833,,,,,,,,,,,10000
2021-06-15,12638919,0x6b3595068778dd592e39a122f4f5a5cf09c90fe2,0xd533a949740bb3306d119cc777fa900ba034cd52,SUSHI-CRV,label_share__individual,0.0009750445050951728,,,,,,,,,,,10000
2021-06-15,12638919,0x6b3595068778dd592e39a122f4f5a5cf09c90fe2,0xd533a949740bb3306d119cc777fa900ba034cd52,SUSHI-CRV,label_share__dex,0.0010848453711173702,,,,,,,,,,,10000
2021-06-15,12638919,0x6b3595068778dd592e39a122f4f5a5cf09c90fe2,0xd533a949740bb3306d119cc777fa900ba034cd52,SUSHI-CRV,label_share__bridge,0.007690671220961503,,,,,,,,,,,10000
2021-06-15,12638919,0x6b3595068778dd592e39a122f4f5a5cf09c90fe2,0xba100000625a3754423978a60c9317c58a424e3d,SUSHI-BAL,link_size,5589.0,2911.0,2947.0,2964.0,2995.0,3031.0,3065.0,3096.0,3114.0,3147.009765625,0.0,10000
2021-06-15,12638919,0x6b3595068778dd592e39a122f4f5a5cf09c90fe2,0xba100000625a3754423978a60c9317c58a424e3d,SUSHI-BAL,avg_token_holding_share,0.11135341227054596,0.015482211485505104,0.020707804709672928,0.02442368119955063,0.03371462970972061,0.05325302481651306,0.08727340400218964,0.13146987557411194,0.18444131314754486,0.24627108871936798,0.1447,10000
2021-06-15,12638919,0x6b3595068778dd592e39a122f4f5a5cf09c90fe2,0xba100000625a3754423978a60c9317c58a424e3d,SUSHI-BAL,dir_share_token_a,0.14661087095737457,0.004056370817124844,0.005982460919767618,0.007316337898373604,0.010742882266640663,0.018432065844535828,0.049221113324165344,0.15721721947193146,0.3237002491950989,0.36871638894081116,0.1099,10000
2021-06-15,12638919,0x6b3595068778dd592e39a122f4f5a5cf09c90fe2,0xba100000625a3754423978a60c9317c58a424e3d,SUSHI-BAL,dir_share_token_b,0.07609596103429794,0.0180459413677454,0.025970710441470146,0.03140760958194733,0.04364221543073654,0.06561081111431122,0.11926884204149246,0.16228628158569336,0.19175969064235687,0.2524315118789673,0.4226,10000
2021-06-15,12638919,0x6b3595068778dd592e39a122f4f5a5cf09c90fe2,0xba100000625a3754423978a60c9317c58a424e3d,SUSHI-BAL,median_token_value_usd,9.200859069824219,122.2327880859375,127.93650817871094,130.64842224121094,135.90902709960938,141.12789916992188,147.06564331054688,152.5724639892578,155.95860290527344,163.45980834960938,1.0,10000
2021-06-15,12638919,0x6b3595068778dd592e39a122f4f5a5cf09c90fe2,0xba100000625a3754423978a60c9317c58a424e3d,SUSHI-BAL,gini_token_holding_share,0.9957754689751582,0.9831450581550598,0.9864581823348999,0.9879071116447449,0.9900622367858887,0.9931216239929199,0.9956839680671692,0.9967580437660217,0.9975640177726746,0.9981443881988525,0.2336,10000
2021-06-15,12638919,0x6b3595068778dd592e39a122f4f5a5cf09c90fe2,0xba100000625a3754423978a60c9317c58a424e3d,SUSHI-BAL,label_share__unknown_smart_contract,0.03661445856853953,,,,,,,,,,,10000
2021-06-15,12638919,0x6b3595068778dd592e39a122f4f5a5cf09c90fe2,0xba100000625a3754423978a60c9317c58a424e3d,SUSHI-BAL,label_share__fund,0.02787968865562279,,,,,,,,,,,10000
2021-06-15,12638919,0x6b3595068778dd592e39a122f4f5a5cf09c90fe2,0xba100000625a3754423978a60c9317c58a424e3d,SUSHI-BAL,label_share__custodian,0.00027714550710720786,,,,,,,,,,,10000
2021-06-15,12638919,0x6b3595068778dd592e39a122f4f5a5cf09c90fe2,0xba100000625a3754423978a60c9317c58a424e3d,SUSHI-BAL,label_share__cex,0.6870377656186917,,,,,,,,,,,10000
2021-06-15,12638919,0x6b3595068778dd592e39a122f4f5a5cf09c90fe2,0xba100000625a3754423978a60c9317c58a424e3d,SUSHI-BAL,label_share__EOA,0.021451820982399977,,,,,,,,,,,10000
2021-06-15,12638919,0x6b3595068778dd592e39a122f4f5a5cf09c90fe2,0xba100000625a3754423978a60c9317c58a424e3d,SUSHI-BAL,label_share__misc,0.034087300240983935,,,,,,,,,,,10000
2021-06-15,12638919,0x6b3595068778dd592e39a122f4f5a5cf09c90fe2,0xba100000625a3754423978a60c9317c58a424e3d,SUSHI-BAL,label_share__smart-contract-platform,0.022963617909134742,,,,,,,,,,,10000
2021-06-15,12638919,0x6b3595068778dd592e39a122f4f5a5cf09c90fe2,0xba100000625a3754423978a60c9317c58a424e3d,SUSHI-BAL,label_share__mev-bot,0.0008196767517293717,,,,,,,,,,,10000
2021-06-15,12638919,0x6b3595068778dd592e39a122f4f5a5cf09c90fe2,0xba100000625a3754423978a60c9317c58a424e3d,SUSHI-BAL,label_share__individual,3.4306722670342903e-06,,,,,,,,,,,10000
2021-06-15,12638919,0x6b3595068778dd592e39a122f4f5a5cf09c90fe2,0xba100000625a3754423978a60c9317c58a424e3d,SUSHI-BAL,label_share__dex,0.1688651450774616,,,,,,,,,,,10000
2021-06-15,12638919,0x5a98fcbea516cf06857215779fd812ca3bef1b32,0x6b3595068778dd592e39a122f4f5a5cf09c90fe2,LDO-SUSHI,link_size,487.0,304.0,316.0,322.0,333.0,345.0,356.0,367.0,374.0,387.0,0.0,10000
2021-06-15,12638919,0x5a98fcbea516cf06857215779fd812ca3bef1b32,0x6b3595068778dd592e39a122f4f5a5cf09c90fe2,LDO-SUSHI,avg_token_holding_share,0.006882124114781618,0.002386313397437334,0.005549302790313959,0.008629652671515942,0.01670096442103386,0.03354557603597641,0.05535939335823059,0.10005922615528107,0.14465567469596863,0.18403764069080353,0.9268,10000
2021-06-15,12638919,0x5a98fcbea516cf06857215779fd812ca3bef1b32,0x6b3595068778dd592e39a122f4f5a5cf09c90fe2,LDO-SUSHI,dir_share_token_a,0.008408695459365845,0.0037224784027785063,0.009670078754425049,0.015109115280210972,0.030916668474674225,0.06315484642982483,0.10383082926273346,0.1738719642162323,0.27564504742622375,0.3506782054901123,0.9595,10000
2021-06-15,12638919,0x5a98fcbea516cf06857215779fd812ca3bef1b32,0x6b3595068778dd592e39a122f4f5a5cf09c90fe2,LDO-SUSHI,dir_share_token_b,0.005355553235858679,9.063969628186896e-05,0.00013132153253536671,0.00016510953719262034,0.0002789132122416049,0.0008390889852307737,0.002192047657445073,0.005823884159326553,0.013124090619385242,0.14851108193397522,0.1073,10000
2021-06-15,12638919,0x5a98fcbea516cf06857215779fd812ca3bef1b32,0x6b3595068778dd592e39a122f4f5a5cf09c90fe2,LDO-SUSHI,median_token_value_usd,1306.6510009765625,959.5999755859375,1072.84375,1125.9813232421875,1214.2841796875,1326.7421875,1457.375732421875,1585.8126220703125,1674.397705078125,1864.1588134765625,0.5465,10000
2021-06-15,12638919,0x5a98fcbea516cf06857215779fd812ca3bef1b32,0x6b3595068778dd592e39a122f4f5a5cf09c90fe2,LDO-SUSHI,gini_token_holding_share,0.9532829903751748,0.9345126152038574,0.965135395526886,0.9724295139312744,0.9809304475784302,0.9861729145050049,0.989436149597168,0.9917604327201843,0.9937516450881958,0.9952594637870789,0.9784,10000
2021-06-15,12638919,0x5a98fcbea516cf06857215779fd812ca3bef1b32,0x6b3595068778dd592e39a122f4f5a5cf09c90fe2,LDO-SUSHI,label_share__unknown_smart_contract,0.38439937519548073,,,,,,,,,,,10000
2021-06-15,12638919,0x5a98fcbea516cf06857215779fd812ca3bef1b32,0x6b3595068778dd592e39a122f4f5a5cf09c90fe2,LDO-SUSHI,label_share__EOA,0.16054339306676388,,,,,,,,,,,10000
2021-06-15,12638919,0x5a98fcbea516cf06857215779fd812ca3bef1b32,0x6b3595068778dd592e39a122f4f5a5cf09c90fe2,LDO-SUSHI,label_share__misc,0.036107374265092904,,,,,,,,,,,10000
2021-06-15,12638919,0x5a98fcbea516cf06857215779fd812ca3bef1b32,0x6b3595068778dd592e39a122f4f5a5cf09c90fe2,LDO-SUSHI,label_share__cex,0.41011397128500915,,,,,,,,,,,10000
2021-06-15,12638919,0x5a98fcbea516cf06857215779fd812ca3bef1b32,0x6b3595068778dd592e39a122f4f5a5cf09c90fe2,LDO-SUSHI,label_share__individual,5.6624910861611605e-05,,,,,,,,,,,10000
2021-06-15,12638919,0x5a98fcbea516cf06857215779fd812ca3bef1b32,0x6b3595068778dd592e39a122f4f5a5cf09c90fe2,LDO-SUSHI,label_share__dex,0.00877924398002226,,,,,,,,,,,10000
2021-06-15,12638919,0x0bc529c00c6401aef6d220be8c6ea1667f6ad93e,0xd533a949740bb3306d119cc777fa900ba034cd52,YFI-CRV,link_size,3627.0,1948.0,1975.0,1990.0,2017.0,2046.0,2074.0,2100.0,2117.0,2151.0,0.0,10000
2021-06-15,12638919,0x0bc529c00c6401aef6d220be8c6ea1667f6ad93e,0xd533a949740bb3306d119cc777fa900ba034cd52,YFI-CRV,avg_token_holding_share,0.15954048931598663,0.008804543875157833,0.012187984772026539,0.015029537491500378,0.02224177122116089,0.03542063757777214,0.05914171785116196,0.11002034693956375,0.22696062922477722,0.2783668041229248,0.0608,10000
2021-06-15,12638919,0x0bc529c00c6401aef6d220be8c6ea1667f6ad93e,0xd533a949740bb3306d119cc777fa900ba034cd52,YFI-CRV,dir_share_token_a,0.21238350868225098,0.010488515719771385,0.014881111681461334,0.018008310347795486,0.025403916835784912,0.039011646062135696,0.06428210437297821,0.10157247632741928,0.17564091086387634,0.23159487545490265,0.0167,10000
2021-06-15,12638919,0x0bc529c00c6401aef6d220be8c6ea1667f6ad93e,0xd533a949740bb3306d119cc777fa900ba034cd52,YFI-CRV,dir_share_token_b,0.1066974401473999,0.0016348238568753004,0.0024051410146057606,0.0031577558256685734,0.006184542551636696,0.020282097160816193,0.04396629333496094,0.14302383363246918,0.42812100052833557,0.4790608286857605,0.1254,10000
2021-06-15,12638919,0x0bc529c00c6401aef6d220be8c6ea1667f6ad93e,0xd533a949740bb3306d119cc777fa900ba034cd52,YFI-CRV,median_token_value_usd,980.3780517578125,522.9059448242188,543.6342163085938,554.76025390625,573.8798217773438,596.5811767578125,619.5367431640625,642.176513671875,656.6741943359375,680.2322998046875,0.0,10000
2021-06-15,12638919,0x0bc529c00c6401aef6d220be8c6ea1667f6ad93e,0xd533a949740bb3306d119cc777fa900ba034cd52,YFI-CRV,gini_token_holding_share,0.9893245486047956,0.9530951976776123,0.9641332626342773,0.9702350497245789,0.9789325594902039,0.9858168363571167,0.9909789562225342,0.9948924779891968,0.9972066879272461,0.9976279735565186,0.3253,10000
2021-06-15,12638919,0x0bc529c00c6401aef6d220be8c6ea1667f6ad93e,0xd533a949740bb3306d119cc777fa900ba034cd52,YFI-CRV,label_share__unknown_smart_contract,0.049610700920931415,,,,,,,,,,,10000
2021-06-15,12638919,0x0bc529c00c6401aef6d220be8c6ea1667f6ad93e,0xd533a949740bb3306d119cc777fa900ba034cd52,YFI-CRV,label_share__fund,0.06050790322783411,,,,,,,,,,,10000
2021-06-15,12638919,0x0bc529c00c6401aef6d220be8c6ea1667f6ad93e,0xd533a949740bb3306d119cc777fa900ba034cd52,YFI-CRV,label_share__custodian,8.843852801967572e-05,,,,,,,,,,,10000
2021-06-15,12638919,0x0bc529c00c6401aef6d220be8c6ea1667f6ad93e,0xd533a949740bb3306d119cc777fa900ba034cd52,YFI-CRV,label_share__individual,2.5489757517730034e-06,,,,,,,,,,,10000
2021-06-15,12638919,0x0bc529c00c6401aef6d220be8c6ea1667f6ad93e,0xd533a949740bb3306d119cc777fa900ba034cd52,YFI-CRV,label_share__cex,0.6442095467166349,,,,,,,,,,,10000
2021-06-15,12638919,0x0bc529c00c6401aef6d220be8c6ea1667f6ad93e,0xd533a949740bb3306d119cc777fa900ba034cd52,YFI-CRV,label_share__EOA,0.03532518182912563,,,,,,,,,,,10000
2021-06-15,12638919,0x0bc529c00c6401aef6d220be8c6ea1667f6ad93e,0xd533a949740bb3306d119cc777fa900ba034cd52,YFI-CRV,label_share__fund-decentralized,0.0009616665799112247,,,,,,,,,,,10000
2021-06-15,12638919,0x0bc529c00c6401aef6d220be8c6ea1667f6ad93e,0xd533a949740bb3306d119cc777fa900ba034cd52,YFI-CRV,label_share__smart-contract-platform,0.005130800582487537,,,,,,,,,,,10000
2021-06-15,12638919,0x0bc529c00c6401aef6d220be8c6ea1667f6ad93e,0xd533a949740bb3306d119cc777fa900ba034cd52,YFI-CRV,label_share__mev-bot,0.0004715569513099,,,,,,,,,,,10000
2021-06-15,12638919,0x0bc529c00c6401aef6d220be8c6ea1667f6ad93e,0xd533a949740bb3306d119cc777fa900ba034cd52,YFI-CRV,label_share__dex,0.0015402748452169861,,,,,,,,,,,10000
2021-06-15,12638919,0x0bc529c00c6401aef6d220be8c6ea1667f6ad93e,0xd533a949740bb3306d119cc777fa900ba034cd52,YFI-CRV,label_share__lending-decentralized,0.19612355709072765,,,,,,,,,,,10000
2021-06-15,12638919,0x0bc529c00c6401aef6d220be8c6ea1667f6ad93e,0xd533a949740bb3306d119cc777fa900ba034cd52,YFI-CRV,label_share__bridge,0.006027774821392562,,,,,,,,,,,10000
2021-06-15,12638919,0x4e3fbd56cd56c3e72c1403e103b45db9da5b9d2b,0xd533a949740bb3306d119cc777fa900ba034cd52,CVX-CRV,link_size,867.0,94.0,102.0,105.0,111.0,118.0,125.0,132.0,136.0,144.0,0.0,10000
2021-06-15,12638919,0x4e3fbd56cd56c3e72c1403e103b45db9da5b9d2b,0xd533a949740bb3306d119cc777fa900ba034cd52,CVX-CRV,avg_token_holding_share,0.03970446065068245,0.00010890459816437215,0.00014233709953259677,0.00016754123498685658,0.00023648001661058515,0.0004263902665115893,0.006235407665371895,0.21187353134155273,0.23533624410629272,0.2500615119934082,0.1156,10000
2021-06-15,12638919,0x4e3fbd56cd56c3e72c1403e103b45db9da5b9d2b,0xd533a949740bb3306d119cc777fa900ba034cd52,CVX-CRV,dir_share_token_a,0.056213364005088806,0.0001616688969079405,0.00021330911840777844,0.00024874755763448775,0.0003380651760380715,0.0005364135140553117,0.002368978224694729,0.42362311482429504,0.47057247161865234,0.48269352316856384,0.109,10000
2021-06-15,12638919,0x4e3fbd56cd56c3e72c1403e103b45db9da5b9d2b,0xd533a949740bb3306d119cc777fa900ba034cd52,CVX-CRV,dir_share_token_b,0.023195547983050346,1.7584858142072335e-05,2.3809343474567868e-05,2.8590724468813278e-05,4.092591552762315e-05,7.743990136077628e-05,0.0002920991100836545,0.0013698138063773513,0.00577547587454319,0.03893459215760231,0.0215,10000
2021-06-15,12638919,0x4e3fbd56cd56c3e72c1403e103b45db9da5b9d2b,0xd533a949740bb3306d119cc777fa900ba034cd52,CVX-CRV,median_token_value_usd,194.28384399414062,296.0401916503906,346.8509216308594,376.39544677734375,430.9817199707031,494.1239929199219,573.5355224609375,656.1141967773438,708.7210083007812,814.546142578125,1.0,10000
2021-06-15,12638919,0x4e3fbd56cd56c3e72c1403e103b45db9da5b9d2b,0xd533a949740bb3306d119cc777fa900ba034cd52,CVX-CRV,gini_token_holding_share,0.9933581886963102,0.724723756313324,0.7612466216087341,0.7863096594810486,0.8314545154571533,0.8943232297897339,0.983655571937561,0.9903002977371216,0.9913018941879272,0.9921881556510925,0.0001,10000
2021-06-15,12638919,0x4e3fbd56cd56c3e72c1403e103b45db9da5b9d2b,0xd533a949740bb3306d119cc777fa900ba034cd52,CVX-CRV,label_share__unknown_smart_contract,0.046547221594317144,,,,,,,,,,,10000
2021-06-15,12638919,0x4e3fbd56cd56c3e72c1403e103b45db9da5b9d2b,0xd533a949740bb3306d119cc777fa900ba034cd52,CVX-CRV,label_share__cex,0.0039372267039529145,,,,,,,,,,,10000
2021-06-15,12638919,0x4e3fbd56cd56c3e72c1403e103b45db9da5b9d2b,0xd533a949740bb3306d119cc777fa900ba034cd52,CVX-CRV,label_share__fund,0.0002525723429678033,,,,,,,,,,,10000
2021-06-15,12638919,0x4e3fbd56cd56c3e72c1403e103b45db9da5b9d2b,0xd533a949740bb3306d119cc777fa900ba034cd52,CVX-CRV,label_share__individual,1.1930622881449857e-07,,,,,,,,,,,10000
2021-06-15,12638919,0x4e3fbd56cd56c3e72c1403e103b45db9da5b9d2b,0xd533a949740bb3306d119cc777fa900ba034cd52,CVX-CRV,label_share__lending-decentralized,0.26613575515676596,,,,,,,,,,,10000
2021-06-15,12638919,0x4e3fbd56cd56c3e72c1403e103b45db9da5b9d2b,0xd533a949740bb3306d119cc777fa900ba034cd52,CVX-CRV,label_share__EOA,4.56844687207565e-06,,,,,,,,,,,10000
2021-06-15,12638919,0x4e3fbd56cd56c3e72c1403e103b45db9da5b9d2b,0xd533a949740bb3306d119cc777fa900ba034cd52,CVX-CRV,label_share__yield,0.6831224840109644,,,,,,,,,,,10000
2021-06-15,12638919,0xba100000625a3754423978a60c9317c58a424e3d,0xd533a949740bb3306d119cc777fa900ba034cd52,BAL-CRV,link_size,4824.0,1845.0,1872.0,1888.0,1913.0,1941.0,1970.0,1996.0,2012.0,2040.0,0.0,10000
2021-06-15,12638919,0xba100000625a3754423978a60c9317c58a424e3d,0xd533a949740bb3306d119cc777fa900ba034cd52,BAL-CRV,avg_token_holding_share,0.079280324280262,0.006538673769682646,0.010716285556554794,0.013584618456661701,0.020697958767414093,0.03353258967399597,0.06296028196811676,0.0985729917883873,0.2181478887796402,0.2823163568973541,0.1654,10000
2021-06-15,12638919,0xba100000625a3754423978a60c9317c58a424e3d,0xd533a949740bb3306d119cc777fa900ba034cd52,BAL-CRV,dir_share_token_a,0.08034786581993103,0.006594469770789146,0.01221254002302885,0.015804626047611237,0.023473884910345078,0.03674159198999405,0.06638635694980621,0.1247585341334343,0.14444600045681,0.19914911687374115,0.2023,10000
2021-06-15,12638919,0xba100000625a3754423978a60c9317c58a424e3d,0xd533a949740bb3306d119cc777fa900ba034cd52,BAL-CRV,dir_share_token_b,0.07821276783943176,0.001439741114154458,0.0021826333831995726,0.0028554110322147608,0.005470766685903072,0.018760357052087784,0.039593055844306946,0.13031849265098572,0.42651239037513733,0.4688413739204407,0.1485,10000
2021-06-15,12638919,0xba100000625a3754423978a60c9317c58a424e3d,0xd533a949740bb3306d119cc777fa900ba034cd52,BAL-CRV,median_token_value_usd,366.315673828125,225.91390991210938,231.76882934570312,236.78863525390625,244.1690216064453,253.17958068847656,263.4486389160156,273.61663818359375,279.50421142578125,291.2735900878906,0.0,10000
2021-06-15,12638919,0xba100000625a3754423978a60c9317c58a424e3d,0xd533a949740bb3306d119cc777fa900ba034cd52,BAL-CRV,gini_token_holding_share,0.99088470111337,0.9759620428085327,0.9838138818740845,0.9864251017570496,0.9897291660308838,0.9928386211395264,0.9958004951477051,0.9969351887702942,0.997807502746582,0.9986291527748108,0.6675,10000
2021-06-15,12638919,0xba100000625a3754423978a60c9317c58a424e3d,0xd533a949740bb3306d119cc777fa900ba034cd52,BAL-CRV,label_share__unknown_smart_contract,0.05041299314818454,,,,,,,,,,,10000
2021-06-15,12638919,0xba100000625a3754423978a60c9317c58a424e3d,0xd533a949740bb3306d119cc777fa900ba034cd52,BAL-CRV,label_share__fund,0.02457002132466978,,,,,,,,,,,10000
2021-06-15,12638919,0xba100000625a3754423978a60c9317c58a424e3d,0xd533a949740bb3306d119cc777fa900ba034cd52,BAL-CRV,label_share__EOA,0.014660876067572399,,,,,,,,,,,10000
2021-06-15,12638919,0xba100000625a3754423978a60c9317c58a424e3d,0xd533a949740bb3306d119cc777fa900ba034cd52,BAL-CRV,label_share__custodian,0.00031357269000670767,,,,,,,,,,,10000
2021-06-15,12638919,0xba100000625a3754423978a60c9317c58a424e3d,0xd533a949740bb3306d119cc777fa900ba034cd52,BAL-CRV,label_share__cex,0.6523795018648249,,,,,,,,,,,10000
2021-06-15,12638919,0xba100000625a3754423978a60c9317c58a424e3d,0xd533a949740bb3306d119cc777fa900ba034cd52,BAL-CRV,label_share__individual,0.008499523297771502,,,,,,,,,,,10000
2021-06-15,12638919,0xba100000625a3754423978a60c9317c58a424e3d,0xd533a949740bb3306d119cc777fa900ba034cd52,BAL-CRV,label_share__smart-contract-platform,0.00996969146541739,,,,,,,,,,,10000
2021-06-15,12638919,0xba100000625a3754423978a60c9317c58a424e3d,0xd533a949740bb3306d119cc777fa900ba034cd52,BAL-CRV,label_share__mev-bot,0.0006871634791592757,,,,,,,,,,,10000
2021-06-15,12638919,0xba100000625a3754423978a60c9317c58a424e3d,0xd533a949740bb3306d119cc777fa900ba034cd52,BAL-CRV,label_share__dex,0.2385066122288744,,,,,,,,,,,10000
2021-06-15,12638919,0x5a98fcbea516cf06857215779fd812ca3bef1b32,0xd533a949740bb3306d119cc777fa900ba034cd52,LDO-CRV,link_size,682.0,188.0,197.0,203.0,211.0,221.0,231.0,240.0,245.0,255.0,0.0,10000
2021-06-15,12638919,0x5a98fcbea516cf06857215779fd812ca3bef1b32,0xd533a949740bb3306d119cc777fa900ba034cd52,LDO-CRV,avg_token_holding_share,0.01624920591711998,0.0007486742688342929,0.0016502715880051255,0.0031257958617061377,0.0071831317618489265,0.018002044409513474,0.036292001605033875,0.06110023334622383,0.12084808200597763,0.1828068196773529,0.5292,10000
2021-06-15,12638919,0x5a98fcbea516cf06857215779fd812ca3bef1b32,0xd533a949740bb3306d119cc777fa900ba034cd52,LDO-CRV,dir_share_token_a,0.010415846481919289,0.0011967169120907784,0.0025422084145247936,0.005064322613179684,0.01265535969287157,0.03203795105218887,0.06801150739192963,0.10935168713331223,0.2332073450088501,0.304080605506897,0.7915,10000
2021-06-15,12638919,0x5a98fcbea516cf06857215779fd812ca3bef1b32,0xd533a949740bb3306d119cc777fa900ba034cd52,LDO-CRV,dir_share_token_b,0.02208256907761097,4.4774176785722375e-05,5.912638516747393e-05,7.030655979178846e-05,0.00010423240019008517,0.00024819502141326666,0.0008261976763606071,0.005726262461394072,0.01894530840218067,0.13924340903759003,0.0419,10000
2021-06-15,12638919,0x5a98fcbea516cf06857215779fd812ca3bef1b32,0xd533a949740bb3306d119cc777fa900ba034cd52,LDO-CRV,median_token_value_usd,769.8015747070312,1081.73388671875,1208.01220703125,1284.094482421875,1417.4715576171875,1589.6787109375,1786.3619384765625,2007.249755859375,2146.044921875,2364.704345703125,1.0,10000
2021-06-15,12638919,0x5a98fcbea516cf06857215779fd812ca3bef1b32,0xd533a949740bb3306d119cc777fa900ba034cd52,LDO-CRV,gini_token_holding_share,0.9838592422336946,0.8869569301605225,0.9350582361221313,0.9599723815917969,0.9746765494346619,0.9834446907043457,0.9879394769668579,0.9908040165901184,0.9922161102294922,0.9942418336868286,0.4788,10000
2021-06-15,12638919,0x5a98fcbea516cf06857215779fd812ca3bef1b32,0xd533a949740bb3306d119cc777fa900ba034cd52,LDO-CRV,label_share__unknown_smart_contract,0.14663831421609352,,,,,,,,,,,10000
2021-06-15,12638919,0x5a98fcbea516cf06857215779fd812ca3bef1b32,0xd533a949740bb3306d119cc777fa900ba034cd52,LDO-CRV,label_share__EOA,0.01933266130465719,,,,,,,,,,,10000
2021-06-15,12638919,0x5a98fcbea516cf06857215779fd812ca3bef1b32,0xd533a949740bb3306d119cc777fa900ba034cd52,LDO-CRV,label_share__individual,0.029260310742651705,,,,,,,,,,,10000
2021-06-15,12638919,0x5a98fcbea516cf06857215779fd812ca3bef1b32,0xd533a949740bb3306d119cc777fa900ba034cd52,LDO-CRV,label_share__liquid-staking,0.15385382633521502,,,,,,,,,,,10000
2021-06-15,12638919,0x5a98fcbea516cf06857215779fd812ca3bef1b32,0xd533a949740bb3306d119cc777fa900ba034cd52,LDO-CRV,label_share__lending-decentralized,0.6500270068087879,,,,,,,,,,,10000
2021-06-15,12638919,0x5a98fcbea516cf06857215779fd812ca3bef1b32,0xd533a949740bb3306d119cc777fa900ba034cd52,LDO-CRV,label_share__dex,0.0008879375651456155,,,,,,,,,,,10000
2021-06-15,12638919,0x0bc529c00c6401aef6d220be8c6ea1667f6ad93e,0x5a98fcbea516cf06857215779fd812ca3bef1b32,YFI-LDO,link_size,304.0,199.0,210.0,215.0,224.0,233.0,243.0,253.0,258.0,268.0,0.0,10000
2021-06-15,12638919,0x0bc529c00c6401aef6d220be8c6ea1667f6ad93e,0x5a98fcbea516cf06857215779fd812ca3bef1b32,YFI-LDO,avg_token_holding_share,0.026463428512215614,0.0012264772085472941,0.0028467157389968634,0.004405328072607517,0.009764113463461399,0.021416451781988144,0.03942513465881348,0.06552542746067047,0.12353650480508804,0.1603587567806244,0.4366,10000
2021-06-15,12638919,0x0bc529c00c6401aef6d220be8c6ea1667f6ad93e,0x5a98fcbea516cf06857215779fd812ca3bef1b32,YFI-LDO,dir_share_token_a,0.04779650643467903,0.0002438044175505638,0.00034297784441150725,0.00042398410732857883,0.0007362702745012939,0.002113009337335825,0.005023367702960968,0.011728180572390556,0.024545473977923393,0.06753300875425339,0.0186,10000
2021-06-15,12638919,0x0bc529c00c6401aef6d220be8c6ea1667f6ad93e,0x5a98fcbea516cf06857215779fd812ca3bef1b32,YFI-LDO,dir_share_token_b,0.005130340810865164,0.0013362399768084288,0.003053771099075675,0.006176454480737448,0.014454111456871033,0.03653948754072189,0.07225801795721054,0.12202948331832886,0.24206633865833282,0.31073227524757385,0.9146,10000
2021-06-15,12638919,0x0bc529c00c6401aef6d220be8c6ea1667f6ad93e,0x5a98fcbea516cf06857215779fd812ca3bef1b32,YFI-LDO,median_token_value_usd,2396.109130859375,1296.9515380859375,1446.5721435546875,1542.2706298828125,1705.1876220703125,1924.788330078125,2171.718017578125,2363.33154296875,2485.5771484375,2787.133056640625,0.0812,10000
2021-06-15,12638919,0x0bc529c00c6401aef6d220be8c6ea1667f6ad93e,0x5a98fcbea516cf06857215779fd812ca3bef1b32,YFI-LDO,gini_token_holding_share,0.9817007225098989,0.8823854327201843,0.9377788305282593,0.9562751650810242,0.9707798361778259,0.9808436632156372,0.986259400844574,0.9893028140068054,0.9911973476409912,0.9935886859893799,0.4588,10000
2021-06-15,12638919,0x0bc529c00c6401aef6d220be8c6ea1667f6ad93e,0x5a98fcbea516cf06857215779fd812ca3bef1b32,YFI-LDO,label_share__unknown_smart_contract,0.0660163798805877,,,,,,,,,,,10000
2021-06-15,12638919,0x0bc529c00c6401aef6d220be8c6ea1667f6ad93e,0x5a98fcbea516cf06857215779fd812ca3bef1b32,YFI-LDO,label_share__misc,0.011252198011324344,,,,,,,,,,,10000
2021-06-15,12638919,0x0bc529c00c6401aef6d220be8c6ea1667f6ad93e,0x5a98fcbea516cf06857215779fd812ca3bef1b32,YFI-LDO,label_share__EOA,0.03466678363878938,,,,,,,,,,,10000
2021-06-15,12638919,0x0bc529c00c6401aef6d220be8c6ea1667f6ad93e,0x5a98fcbea516cf06857215779fd812ca3bef1b32,YFI-LDO,label_share__cex,0.10056583009823371,,,,,,,,,,,10000
2021-06-15,12638919,0x0bc529c00c6401aef6d220be8c6ea1667f6ad93e,0x5a98fcbea516cf06857215779fd812ca3bef1b32,YFI-LDO,label_share__lending-decentralized,0.7832416032580102,,,,,,,,,,,10000
2021-06-15,12638919,0x0bc529c00c6401aef6d220be8c6ea1667f6ad93e,0x5a98fcbea516cf06857215779fd812ca3bef1b32,YFI-LDO,label_share__dex,0.004257069587899161,,,,,,,,,,,10000
2021-06-15,12638919,0x4e3fbd56cd56c3e72c1403e103b45db9da5b9d2b,0x5a98fcbea516cf06857215779fd812ca3bef1b32,CVX-LDO,link_size,179.0,6.0,8.0,9.0,11.0,13.0,16.0,18.0,20.0,23.0,0.0,10000
2021-06-15,12638919,0x4e3fbd56cd56c3e72c1403e103b45db9da5b9d2b,0x5a98fcbea516cf06857215779fd812ca3bef1b32,CVX-LDO,avg_token_holding_share,0.0006541847833432257,4.702746082330123e-06,9.76065803115489e-06,1.4051185644348152e-05,2.6259946025675163e-05,6.228487472981215e-05,0.0002358993369853124,0.0037868500221520662,0.014931891113519669,0.21173840761184692,0.186,10000
2021-06-15,12638919,0x4e3fbd56cd56c3e72c1403e103b45db9da5b9d2b,0x5a98fcbea516cf06857215779fd812ca3bef1b32,CVX-LDO,dir_share_token_a,0.0007689965423196554,2.0148079329374013e-06,4.8812958084454294e-06,7.593362624902511e-06,1.4969326002756134e-05,2.8849408408859745e-05,5.814245014335029e-05,0.00015043382882140577,0.0004010935954283923,0.42343080043792725,0.0365,10000
2021-06-15,12638919,0x4e3fbd56cd56c3e72c1403e103b45db9da5b9d2b,0x5a98fcbea516cf06857215779fd812ca3bef1b32,CVX-LDO,dir_share_token_b,0.000539373024366796,2.1905302673985716e-06,5.447937382996315e-06,8.539270311302971e-06,1.9293136574560776e-05,5.652607069350779e-05,0.00028641990502364933,0.005080633796751499,0.01772867888212204,0.050563372671604156,0.1926,10000
2021-06-15,12638919,0x4e3fbd56cd56c3e72c1403e103b45db9da5b9d2b,0x5a98fcbea516cf06857215779fd812ca3bef1b32,CVX-LDO,median_token_value_usd,626.5736083984375,273.57769775390625,506.7584228515625,686.6962280273438,1063.4742431640625,1677.05322265625,2640.556640625,4048.744384765625,5331.67333984375,8985.7294921875,0.9174,10000
2021-06-15,12638919,0x4e3fbd56cd56c3e72c1403e103b45db9da5b9d2b,0x5a98fcbea516cf06857215779fd812ca3bef1b32,CVX-LDO,gini_token_holding_share,0.8622806211446069,0.4233650863170624,0.519687294960022,0.5687174797058105,0.6541343927383423,0.7610411643981934,0.866904616355896,0.9199302196502686,0.9324182271957397,0.945934534072876,0.26,10000
2021-06-15,12638919,0x4e3fbd56cd56c3e72c1403e103b45db9da5b9d2b,0x5a98fcbea516cf06857215779fd812ca3bef1b32,CVX-LDO,label_share__unknown_smart_contract,0.993292558205345,,,,,,,,,,,10000
2021-06-15,12638919,0x4e3fbd56cd56c3e72c1403e103b45db9da5b9d2b,0x5a98fcbea516cf06857215779fd812ca3bef1b32,CVX-LDO,label_share__lending-decentralized,0.006707448660707732,,,,,,,,,,,10000
2021-06-15,12638919,0x5a98fcbea516cf06857215779fd812ca3bef1b32,0xba100000625a3754423978a60c9317c58a424e3d,LDO-BAL,link_size,386.0,188.0,198.0,203.0,212.0,221.0,231.0,240.0,245.0,255.0,0.0,10000
2021-06-15,12638919,0x5a98fcbea516cf06857215779fd812ca3bef1b32,0xba100000625a3754423978a60c9317c58a424e3d,LDO-BAL,avg_token_holding_share,0.006025673821568489,0.000950171030126512,0.002445017918944359,0.004088225774466991,0.009076761081814766,0.01952887512743473,0.03838746249675751,0.06462637335062027,0.1214548796415329,0.15941578149795532,0.8405,10000
2021-06-15,12638919,0x5a98fcbea516cf06857215779fd812ca3bef1b32,0xba100000625a3754423978a60c9317c58a424e3d,LDO-BAL,dir_share_token_a,0.009488243609666824,0.0012077655410394073,0.00277649681083858,0.005729042459279299,0.013567118905484676,0.033020712435245514,0.07012127339839935,0.11546329408884048,0.23997657001018524,0.3115021586418152,0.8173,10000
2021-06-15,12638919,0x5a98fcbea516cf06857215779fd812ca3bef1b32,0xba100000625a3754423978a60c9317c58a424e3d,LDO-BAL,dir_share_token_b,0.002563103102147579,4.201199772069231e-05,6.616298924200237e-05,9.275437332689762e-05,0.00022894496214576066,0.0013139777584001422,0.0064011868089437485,0.011711188592016697,0.021798845380544662,0.09482216089963913,0.4104,10000
2021-06-15,12638919,0x5a98fcbea516cf06857215779fd812ca3bef1b32,0xba100000625a3754423978a60c9317c58a424e3d,LDO-BAL,median_token_value_usd,1017.336669921875,736.883544921875,845.7902221679688,901.3260498046875,999.3260498046875,1140.8917236328125,1266.643798828125,1410.8399658203125,1508.133056640625,1718.22412109375,0.7225,10000
2021-06-15,12638919,0x5a98fcbea516cf06857215779fd812ca3bef1b32,0xba100000625a3754423978a60c9317c58a424e3d,LDO-BAL,gini_token_holding_share,0.9595757608910723,0.9066886901855469,0.9529187679290771,0.9664815068244934,0.9755094051361084,0.9830000400543213,0.9875942468643188,0.9905495047569275,0.9920279383659363,0.9939398169517517,0.933,10000
2021-06-15,12638919,0x5a98fcbea516cf06857215779fd812ca3bef1b32,0xba100000625a3754423978a60c9317c58a424e3d,LDO-BAL,label_share__unknown_smart_contract,0.2650733410938295,,,,,,,,,,,10000
2021-06-15,12638919,0x5a98fcbea516cf06857215779fd812ca3bef1b32,0xba100000625a3754423978a60c9317c58a424e3d,LDO-BAL,label_share__EOA,0.1006075848361875,,,,,,,,,,,10000
2021-06-15,12638919,0x5a98fcbea516cf06857215779fd812ca3bef1b32,0xba100000625a3754423978a60c9317c58a424e3d,LDO-BAL,label_share__individual,0.11657436898605317,,,,,,,,,,,10000
2021-06-15,12638919,0x5a98fcbea516cf06857215779fd812ca3bef1b32,0xba100000625a3754423978a60c9317c58a424e3d,LDO-BAL,label_share__misc,0.033508716668176196,,,,,,,,,,,10000
2021-06-15,12638919,0x5a98fcbea516cf06857215779fd812ca3bef1b32,0xba100000625a3754423978a60c9317c58a424e3d,LDO-BAL,label_share__vesting_contract,0.03963783166831993,,,,,,,,,,,10000
2021-06-15,12638919,0x5a98fcbea516cf06857215779fd812ca3bef1b32,0xba100000625a3754423978a60c9317c58a424e3d,LDO-BAL,label_share__cex,0.27172671698904083,,,,,,,,,,,10000
2021-06-15,12638919,0x5a98fcbea516cf06857215779fd812ca3bef1b32,0xba100000625a3754423978a60c9317c58a424e3d,LDO-BAL,label_share__fund,0.17287140854940433,,,,,,,,,,,10000
2021-06-15,12638919,0x0bc529c00c6401aef6d220be8c6ea1667f6ad93e,0x4e3fbd56cd56c3e72c1403e103b45db9da5b9d2b,YFI-CVX,link_size,178.0,101.0,107.0,111.0,118.0,125.0,132.0,139.0,143.0,151.0,0.0,10000
2021-06-15,12638919,0x0bc529c00c6401aef6d220be8c6ea1667f6ad93e,0x4e3fbd56cd56c3e72c1403e103b45db9da5b9d2b,YFI-CVX,avg_token_holding_share,0.02204187586903572,0.00018145263311453164,0.00024345613201148808,0.0002910842013079673,0.00043758004903793335,0.0011554083321243525,0.007304247468709946,0.21202987432479858,0.2354419082403183,0.24300412833690643,0.1742,10000
2021-06-15,12638919,0x0bc529c00c6401aef6d220be8c6ea1667f6ad93e,0x4e3fbd56cd56c3e72c1403e103b45db9da5b9d2b,YFI-CVX,dir_share_token_a,0.04339537397027016,8.900991815607995e-05,0.00012507245992310345,0.00015634224109817296,0.00024564191699028015,0.000578255217988044,0.00228881579823792,0.00626628240570426,0.010904921218752861,0.04177958518266678,0.009,10000
2021-06-15,12638919,0x0bc529c00c6401aef6d220be8c6ea1667f6ad93e,0x4e3fbd56cd56c3e72c1403e103b45db9da5b9d2b,YFI-CVX,dir_share_token_b,0.0006883753230795264,0.00017786088574212044,0.00023331842385232449,0.00026850891299545765,0.0003608924162108451,0.0005805750843137503,0.012077797204256058,0.42370718717575073,0.4705977141857147,0.4823920726776123,0.4336,10000
2021-06-15,12638919,0x0bc529c00c6401aef6d220be8c6ea1667f6ad93e,0x4e3fbd56cd56c3e72c1403e103b45db9da5b9d2b,YFI-CVX,median_token_value_usd,539.218994140625,360.85284423828125,419.33612060546875,450.52264404296875,516.6927490234375,604.4730224609375,710.0485229492188,811.0993041992188,883.6732177734375,1040.2139892578125,0.6851,10000
2021-06-15,12638919,0x0bc529c00c6401aef6d220be8c6ea1667f6ad93e,0x4e3fbd56cd56c3e72c1403e103b45db9da5b9d2b,YFI-CVX,gini_token_holding_share,0.9863350015582051,0.7229022979736328,0.7639505863189697,0.7907133102416992,0.8450703620910645,0.9311157464981079,0.9813801646232605,0.9902715682983398,0.9916053414344788,0.9923698306083679,0.1966,10000
2021-06-15,12638919,0x0bc529c00c6401aef6d220be8c6ea1667f6ad93e,0x4e3fbd56cd56c3e72c1403e103b45db9da5b9d2b,YFI-CVX,label_share__unknown_smart_contract,0.04616168349132222,,,,,,,,,,,10000
2021-06-15,12638919,0x0bc529c00c6401aef6d220be8c6ea1667f6ad93e,0x4e3fbd56cd56c3e72c1403e103b45db9da5b9d2b,YFI-CVX,label_share__cex,0.013282566823045686,,,,,,,,,,,10000
2021-06-15,12638919,0x0bc529c00c6401aef6d220be8c6ea1667f6ad93e,0x4e3fbd56cd56c3e72c1403e103b45db9da5b9d2b,YFI-CVX,label_share__lending-decentralized,0.9405557477571148,,,,,,,,,,,10000
2021-06-15,12638919,0x0bc529c00c6401aef6d220be8c6ea1667f6ad93e,0x7fc66500c84a76ad7e9c93437bfc5ac33e2ddae9,YFI-AAVE,link_size,6095.0,4539.990234375,4583.0,4605.0,4644.0,4687.0,4729.0,4766.0,4789.0498046875,4835.0,0.0,10000
2021-06-15,12638919,0x0bc529c00c6401aef6d220be8c6ea1667f6ad93e,0x7fc66500c84a76ad7e9c93437bfc5ac33e2ddae9,YFI-AAVE,avg_token_holding_share,0.24520282447338104,0.028221970424056053,0.036141231656074524,0.04161777347326279,0.05451708659529686,0.07596582174301147,0.11917244642972946,0.15648488700389862,0.17924591898918152,0.23176565766334534,0.0054,10000
2021-06-15,12638919,0x0bc529c00c6401aef6d220be8c6ea1667f6ad93e,0x7fc66500c84a76ad7e9c93437bfc5ac33e2ddae9,YFI-AAVE,dir_share_token_a,0.28155410289764404,0.03905855864286423,0.05066411942243576,0.05867498740553856,0.07536362111568451,0.10429459810256958,0.14689847826957703,0.22811585664749146,0.26657381653785706,0.3248261511325836,0.0355,10000
2021-06-15,12638919,0x0bc529c00c6401aef6d220be8c6ea1667f6ad93e,0x7fc66500c84a76ad7e9c93437bfc5ac33e2ddae9,YFI-AAVE,dir_share_token_b,0.20885154604911804,0.00613871356472373,0.008442412130534649,0.010127020999789238,0.014685403555631638,0.025297515094280243,0.06717672199010849,0.18006683886051178,0.20041541755199432,0.29147061705589294,0.0394,10000
2021-06-15,12638919,0x0bc529c00c6401aef6d220be8c6ea1667f6ad93e,0x7fc66500c84a76ad7e9c93437bfc5ac33e2ddae9,YFI-AAVE,median_token_value_usd,1481.4813232421875,936.7966918945312,954.0965576171875,965.4388427734375,985.0371704101562,1007.9835205078125,1030.8511962890625,1052.197509765625,1066.473876953125,1091.0701904296875,0.0,10000
2021-06-15,12638919,0x0bc529c00c6401aef6d220be8c6ea1667f6ad93e,0x7fc66500c84a76ad7e9c93437bfc5ac33e2ddae9,YFI-AAVE,gini_token_holding_share,0.987317534885258,0.9601444005966187,0.9678661227226257,0.9714721441268921,0.9778518080711365,0.9836607575416565,0.98946613073349,0.9917576909065247,0.992654025554657,0.9941320419311523,0.3306,10000
2021-06-15,12638919,0x0bc529c00c6401aef6d220be8c6ea1667f6ad93e,0x7fc66500c84a76ad7e9c93437bfc5ac33e2ddae9,YFI-AAVE,label_share__unknown_smart_contract,0.06049384426050112,,,,,,,,,,,10000
2021-06-15,12638919,0x0bc529c00c6401aef6d220be8c6ea1667f6ad93e,0x7fc66500c84a76ad7e9c93437bfc5ac33e2ddae9,YFI-AAVE,label_share__fund,0.10055932784319592,,,,,,,,,,,10000
2021-06-15,12638919,0x0bc529c00c6401aef6d220be8c6ea1667f6ad93e,0x7fc66500c84a76ad7e9c93437bfc5ac33e2ddae9,YFI-AAVE,label_share__EOA,0.01877046142258982,,,,,,,,,,,10000
2021-06-15,12638919,0x0bc529c00c6401aef6d220be8c6ea1667f6ad93e,0x7fc66500c84a76ad7e9c93437bfc5ac33e2ddae9,YFI-AAVE,label_share__custodian,0.0001605681445675261,,,,,,,,,,,10000
2021-06-15,12638919,0x0bc529c00c6401aef6d220be8c6ea1667f6ad93e,0x7fc66500c84a76ad7e9c93437bfc5ac33e2ddae9,YFI-AAVE,label_share__cex,0.5258655824041736,,,,,,,,,,,10000
2021-06-15,12638919,0x0bc529c00c6401aef6d220be8c6ea1667f6ad93e,0x7fc66500c84a76ad7e9c93437bfc5ac33e2ddae9,YFI-AAVE,label_share__misc,0.028368896650292817,,,,,,,,,,,10000
2021-06-15,12638919,0x0bc529c00c6401aef6d220be8c6ea1667f6ad93e,0x7fc66500c84a76ad7e9c93437bfc5ac33e2ddae9,YFI-AAVE,label_share__fund-decentralized,0.0005907504489781488,,,,,,,,,,,10000
2021-06-15,12638919,0x0bc529c00c6401aef6d220be8c6ea1667f6ad93e,0x7fc66500c84a76ad7e9c93437bfc5ac33e2ddae9,YFI-AAVE,label_share__yield,0.0020706201543297677,,,,,,,,,,,10000
2021-06-15,12638919,0x0bc529c00c6401aef6d220be8c6ea1667f6ad93e,0x7fc66500c84a76ad7e9c93437bfc5ac33e2ddae9,YFI-AAVE,label_share__smart-contract-platform,0.0953520683767876,,,,,,,,,,,10000
2021-06-15,12638919,0x0bc529c00c6401aef6d220be8c6ea1667f6ad93e,0x7fc66500c84a76ad7e9c93437bfc5ac33e2ddae9,YFI-AAVE,label_share__lending-decentralized,0.16001745457674596,,,,,,,,,,,10000
2021-06-15,12638919,0x0bc529c00c6401aef6d220be8c6ea1667f6ad93e,0x7fc66500c84a76ad7e9c93437bfc5ac33e2ddae9,YFI-AAVE,label_share__mev-bot,0.00029249956296330487,,,,,,,,,,,10000
2021-06-15,12638919,0x0bc529c00c6401aef6d220be8c6ea1667f6ad93e,0x7fc66500c84a76ad7e9c93437bfc5ac33e2ddae9,YFI-AAVE,label_share__lending-centralized,0.00017382525417520926,,,,,,,,,,,10000
2021-06-15,12638919,0x0bc529c00c6401aef6d220be8c6ea1667f6ad93e,0x7fc66500c84a76ad7e9c93437bfc5ac33e2ddae9,YFI-AAVE,label_share__dex,0.0007068707836299442,,,,,,,,,,,10000
2021-06-15,12638919,0x0bc529c00c6401aef6d220be8c6ea1667f6ad93e,0x7fc66500c84a76ad7e9c93437bfc5ac33e2ddae9,YFI-AAVE,label_share__bridge,0.006577197398018011,,,,,,,,,,,10000
2021-06-15,12638919,0x0bc529c00c6401aef6d220be8c6ea1667f6ad93e,0xba100000625a3754423978a60c9317c58a424e3d,YFI-BAL,link_size,5718.0,1951.989990234375,1981.0,1997.0,2022.0,2051.0,2079.0,2105.0,2121.0,2150.0,0.0,10000
2021-06-15,12638919,0x0bc529c00c6401aef6d220be8c6ea1667f6ad93e,0xba100000625a3754423978a60c9317c58a424e3d,YFI-BAL,avg_token_holding_share,0.13326908648014069,0.01474612858146429,0.020206080749630928,0.023799365386366844,0.03186393901705742,0.04611371457576752,0.07102269679307938,0.10177608579397202,0.11981905251741409,0.1567048728466034,0.0281,10000
2021-06-15,12638919,0x0bc529c00c6401aef6d220be8c6ea1667f6ad93e,0xba100000625a3754423978a60c9317c58a424e3d,YFI-BAL,dir_share_token_a,0.18444927036762238,0.010566079057753086,0.014924012124538422,0.018160037696361542,0.02564369887113571,0.039508167654275894,0.06382698565721512,0.10052367299795151,0.1737891137599945,0.2296101152896881,0.0387,10000
2021-06-15,12638919,0x0bc529c00c6401aef6d220be8c6ea1667f6ad93e,0xba100000625a3754423978a60c9317c58a424e3d,YFI-BAL,dir_share_token_b,0.0820889100432396,0.007308451924473047,0.013113453984260559,0.01722988486289978,0.025429077446460724,0.039215799421072006,0.07189077138900757,0.1299361139535904,0.15070371329784393,0.21070872247219086,0.2164,10000
2021-06-15,12638919,0x0bc529c00c6401aef6d220be8c6ea1667f6ad93e,0xba100000625a3754423978a60c9317c58a424e3d,YFI-BAL,median_token_value_usd,117.43453979492188,274.0575256347656,286.7469787597656,293.9533386230469,307.6279602050781,322.6056213378906,338.0179138183594,352.95452880859375,361.01739501953125,376.2317199707031,1.0,10000
2021-06-15,12638919,0x0bc529c00c6401aef6d220be8c6ea1667f6ad93e,0xba100000625a3754423978a60c9317c58a424e3d,YFI-BAL,gini_token_holding_share,0.9908916341902732,0.9706325531005859,0.9769708514213562,0.9794139266014099,0.9830827713012695,0.9873159527778625,0.9913609623908997,0.9936349391937256,0.9945098757743835,0.9953978061676025,0.2774,10000
2021-06-15,12638919,0x0bc529c00c6401aef6d220be8c6ea1667f6ad93e,0xba100000625a3754423978a60c9317c58a424e3d,YFI-BAL,label_share__unknown_smart_contract,0.16602865633278355,,,,,,,,,,,10000
2021-06-15,12638919,0x0bc529c00c6401aef6d220be8c6ea1667f6ad93e,0xba100000625a3754423978a60c9317c58a424e3d,YFI-BAL,label_share__fund,0.03413680657449538,,,,,,,,,,,10000
2021-06-15,12638919,0x0bc529c00c6401aef6d220be8c6ea1667f6ad93e,0xba100000625a3754423978a60c9317c58a424e3d,YFI-BAL,label_share__yield,0.00226851314530258,,,,,,,,,,,10000
2021-06-15,12638919,0x0bc529c00c6401aef6d220be8c6ea1667f6ad93e,0xba100000625a3754423978a60c9317c58a424e3d,YFI-BAL,label_share__custodian,0.00028897883688767375,,,,,,,,,,,10000
2021-06-15,12638919,0x0bc529c00c6401aef6d220be8c6ea1667f6ad93e,0xba100000625a3754423978a60c9317c58a424e3d,YFI-BAL,label_share__EOA,0.019352424541681543,,,,,,,,,,,10000
2021-06-15,12638919,0x0bc529c00c6401aef6d220be8c6ea1667f6ad93e,0xba100000625a3754423978a60c9317c58a424e3d,YFI-BAL,label_share__cex,0.5982348217598656,,,,,,,,,,,10000
2021-06-15,12638919,0x0bc529c00c6401aef6d220be8c6ea1667f6ad93e,0xba100000625a3754423978a60c9317c58a424e3d,YFI-BAL,label_share__misc,0.035134766259842166,,,,,,,,,,,10000
2021-06-15,12638919,0x0bc529c00c6401aef6d220be8c6ea1667f6ad93e,0xba100000625a3754423978a60c9317c58a424e3d,YFI-BAL,label_share__smart-contract-platform,0.00022962740047296164,,,,,,,,,,,10000
2021-06-15,12638919,0x0bc529c00c6401aef6d220be8c6ea1667f6ad93e,0xba100000625a3754423978a60c9317c58a424e3d,YFI-BAL,label_share__mev-bot,0.0006876328813966443,,,,,,,,,,,10000
2021-06-15,12638919,0x0bc529c00c6401aef6d220be8c6ea1667f6ad93e,0xba100000625a3754423978a60c9317c58a424e3d,YFI-BAL,label_share__dex,0.14363775313429328,,,,,,,,,,,10000
2021-06-15,12638919,0x4e3fbd56cd56c3e72c1403e103b45db9da5b9d2b,0xba100000625a3754423978a60c9317c58a424e3d,CVX-BAL,link_size,321.0,95.0,102.0,105.0,112.0,119.0,126.0,133.0,137.0,145.0,0.0,10000
2021-06-15,12638919,0x4e3fbd56cd56c3e72c1403e103b45db9da5b9d2b,0xba100000625a3754423978a60c9317c58a424e3d,CVX-BAL,avg_token_holding_share,0.0005460946122184396,0.00011684009223245084,0.00015599263133481145,0.0001891206920845434,0.0002951338537968695,0.0009005020838230848,0.006525491364300251,0.21186785399913788,0.23535968363285065,0.2500789761543274,0.5855,10000
2021-06-15,12638919,0x4e3fbd56cd56c3e72c1403e103b45db9da5b9d2b,0xba100000625a3754423978a60c9317c58a424e3d,CVX-BAL,dir_share_token_a,0.0007800429593771696,0.00016658214735798538,0.00021698014461435378,0.00025257913512177765,0.0003422930312808603,0.000555115460883826,0.002360370010137558,0.4236418604850769,0.470588743686676,0.48267751932144165,0.3863,10000
2021-06-15,12638919,0x4e3fbd56cd56c3e72c1403e103b45db9da5b9d2b,0xba100000625a3754423978a60c9317c58a424e3d,CVX-BAL,dir_share_token_b,0.0003121461777482182,1.3885081898479257e-05,2.1576433937298134e-05,2.859864071069751e-05,5.263517959974706e-05,0.00020757975289598107,0.002365228720009327,0.007187254726886749,0.010312672704458237,0.05968615785241127,0.4438,10000
2021-06-15,12638919,0x4e3fbd56cd56c3e72c1403e103b45db9da5b9d2b,0xba100000625a3754423978a60c9317c58a424e3d,CVX-BAL,median_token_value_usd,165.45449829101562,141.36912536621094,168.17318725585938,184.6414794921875,216.3017120361328,255.9486083984375,303.6798400878906,354.40655517578125,385.2876281738281,447.42572021484375,0.9559,10000
2021-06-15,12638919,0x4e3fbd56cd56c3e72c1403e103b45db9da5b9d2b,0xba100000625a3754423978a60c9317c58a424e3d,CVX-BAL,gini_token_holding_share,0.8459402880150378,0.7456753849983215,0.7848895192146301,0.8108217716217041,0.8616001605987549,0.9444497227668762,0.9838724136352539,0.9902416467666626,0.9912465214729309,0.992133378982544,0.7984,10000
2021-06-15,12638919,0x4e3fbd56cd56c3e72c1403e103b45db9da5b9d2b,0xba100000625a3754423978a60c9317c58a424e3d,CVX-BAL,label_share__unknown_smart_contract,0.9226895688684745,,,,,,,,,,,10000
2021-06-15,12638919,0x4e3fbd56cd56c3e72c1403e103b45db9da5b9d2b,0xba100000625a3754423978a60c9317c58a424e3d,CVX-BAL,label_share__cex,0.06437689848274868,,,,,,,,,,,10000
2021-06-15,12638919,0x4e3fbd56cd56c3e72c1403e103b45db9da5b9d2b,0xba100000625a3754423978a60c9317c58a424e3d,CVX-BAL,label_share__fund,0.012925369589250887,,,,,,,,,,,10000
2021-06-15,12638919,0x4e3fbd56cd56c3e72c1403e103b45db9da5b9d2b,0xba100000625a3754423978a60c9317c58a424e3d,CVX-BAL,label_share__individual,8.1209803580228e-06,,,,,,,,,,,10000
2021-06-15,12638919,0x1a4b46696b2bb4794eb3d4c26f1c55f9170fa4c5,0x6f40d4a6237c257fff2db00fa0510deeecd303eb,BIT-INST,link_size,0.0,0.0,0.0,0.0,0.0,0.0,0.0,0.0,0.0,0.0,1.0,10000
2021-06-15,12638919,0x1a4b46696b2bb4794eb3d4c26f1c55f9170fa4c5,0x6f40d4a6237c257fff2db00fa0510deeecd303eb,BIT-INST,avg_token_holding_share,0.0,0.0,0.0,0.0,0.0,0.0,0.0,0.0,0.0,0.0,1.0,10000
2021-06-15,12638919,0x1a4b46696b2bb4794eb3d4c26f1c55f9170fa4c5,0x6f40d4a6237c257fff2db00fa0510deeecd303eb,BIT-INST,dir_share_token_a,0.0,0.0,0.0,0.0,0.0,0.0,0.0,0.0,0.0,0.0,1.0,10000
2021-06-15,12638919,0x1a4b46696b2bb4794eb3d4c26f1c55f9170fa4c5,0x6f40d4a6237c257fff2db00fa0510deeecd303eb,BIT-INST,dir_share_token_b,0.0,0.0,0.0,0.0,0.0,0.0,0.0,0.0,0.0,0.0,1.0,10000
2021-06-15,12638919,0x1a4b46696b2bb4794eb3d4c26f1c55f9170fa4c5,0x6f40d4a6237c257fff2db00fa0510deeecd303eb,BIT-INST,median_token_value_usd,0.0,,,,,,,,,,0.9998,10000
2021-06-15,12638919,0x1a4b46696b2bb4794eb3d4c26f1c55f9170fa4c5,0x6f40d4a6237c257fff2db00fa0510deeecd303eb,BIT-INST,gini_token_holding_share,0.0,0.0,0.0,0.0,0.0,0.0,0.0,0.0,0.0,0.0,1.0,10000
